CustomerID;Age;Gender;Tenure;Usage Frequency;Support Calls;Payment Delay;Subscription Type;Contract Length;Total Spend;Last Interaction;Churn
1;22;Male;38.0;19;4.0;15;Standard;Annual;760.0;1;1
2;58;Male;51.0;21;2.0;13;Premium;Quarterly;900.0;21;0
3;52;Male;40.0;8;6.0;2;Basic;Monthly;230.0;7;1
4;40;Male;37.0;11;7.0;3;Premium;Annual;320.0;21;1
5;40;Female;29.0;28;3.0;17;Standard;Annual;130.0;17;1
6;62;Male;15.0;25;9.0;17;Standard;Monthly;540.0;6;0
7;22;Female;18.0;12;7.0;16;Basic;Quarterly;550.0;14;1
8;54;Male;46.0;7;1.0;4;Standard;Monthly;120.0;2;1
9;28;Female;5.0;9;;15;Basic;Annual;700.0;21;0
10;22;Male;6.0;16;0.0;1;Premium;Annual;100.0;9;1
11;45;Female;25.0;17;7.0;4;Premium;Monthly;820.0;12;1
12;68;Female;48.0;6;5.0;14;Standard;Annual;740.0;5;1
13;56;Male;41.0;2;7.0;18;Premium;Quarterly;840.0;11;1
14;57;Female;36.0;15;9.0;19;Premium;Quarterly;200.0;12;0
15;55;Male;33.0;24;8.0;29;Basic;Monthly;900.0;7;1
16;58;Male;7.0;5;7.0;25;Basic;Annual;600.0;29;1
17;44;Female;21.0;12;10.0;11;Basic;Quarterly;890.0;9;1
18;24;Female;5.0;5;8.0;23;Basic;Annual;740.0;6;0
19;61;Male;47.0;8;9.0;2;Standard;Monthly;700.0;16;0
20;41;Male;46.0;18;4.0;25;Standard;Quarterly;120.0;10;1
21;44;Female;16.0;9;2.0;11;Standard;Monthly;730.0;14;0
22;37;Female;18.0;8;2.0;22;Basic;Annual;510.0;22;1
23;27;;20.0;29;7.0;29;Premium;Quarterly;880.0;3;1
24;66;Male;55.0;5;6.0;21;Premium;Annual;720.0;15;1
25;58;Female;30.0;6;0.0;27;Standard;Monthly;160.0;1;0
26;51;Male;47.0;27;2.0;0;Basic;Annual;910.0;2;1
27;38;Female;28.0;16;;5;Standard;Monthly;150.0;3;0
28;60;Male;43.0;2;8.0;18;Premium;Quarterly;370.0;5;1
29;46;Female;33.0;13;9.0;16;Premium;Monthly;290.0;11;1
30;41;Male;17.0;17;2.0;3;Basic;Monthly;990.0;28;1
31;41;Female;54.0;8;0.0;21;Premium;Quarterly;240.0;27;0
32;29;Female;44.0;16;3.0;1;Premium;Monthly;870.0;3;0
33;22;Male;47.0;19;10.0;29;Standard;Quarterly;300.0;29;1
34;46;Female;58.0;8;6.0;4;Standard;Annual;690.0;19;1
35;64;Male;16.0;24;9.0;13;Standard;Monthly;180.0;17;1
36;21;Female;6.0;14;5.0;24;Basic;Annual;460.0;23;1
37;62;Male;36.0;28;5.0;15;Standard;Monthly;670.0;15;1
38;61;Male;20.0;3;7.0;22;Basic;Monthly;750.0;8;1
39;32;Male;27.0;10;;21;Basic;Quarterly;900.0;16;1
40;50;Male;15.0;21;5.0;28;Standard;Quarterly;850.0;22;1
41;26;Male;25.0;26;7.0;13;Standard;Quarterly;570.0;20;1
42;57;Female;24.0;7;;29;Premium;Monthly;370.0;5;0
43;54;Female;22.0;29;4.0;15;Standard;Quarterly;340.0;28;1
44;36;Female;46.0;6;10.0;26;Premium;Monthly;;9;0
45;21;Male;37.0;13;6.0;21;Premium;Monthly;650.0;24;1
46;68;Male;29.0;10;10.0;3;Standard;Annual;930.0;10;1
47;41;Male;7.0;13;5.0;19;Premium;Monthly;490.0;2;1
48;64;Female;35.0;27;7.0;26;Standard;Quarterly;540.0;29;0
49;53;Female;11.0;22;3.0;3;Standard;Quarterly;850.0;18;0
50;58;Male;20.0;24;7.0;25;Basic;Monthly;760.0;7;0
51;57;Female;26.0;8;3.0;3;Basic;Annual;280.0;1;0
52;28;Male;9.0;28;7.0;26;Standard;Quarterly;580.0;4;0
53;36;Male;24.0;13;9.0;23;Basic;Annual;290.0;5;1
54;42;Male;17.0;19;5.0;4;Standard;Quarterly;800.0;27;0
55;43;Male;52.0;21;5.0;21;Basic;Annual;120.0;6;0
56;20;Female;53.0;20;3.0;3;Basic;Annual;860.0;5;1
57;46;Female;1.0;18;8.0;17;Standard;Monthly;950.0;25;0
58;26;Male;37.0;14;7.0;27;Standard;Annual;120.0;26;0
59;56;Male;40.0;19;6.0;6;Premium;Annual;670.0;7;1
60;53;Female;24.0;27;0.0;5;Premium;Quarterly;170.0;19;0
61;65;Female;29.0;12;1.0;12;Premium;Monthly;430.0;16;0
62;56;Female;49.0;15;0.0;11;Basic;Quarterly;400.0;17;1
63;37;Male;24.0;6;10.0;1;Standard;Annual;570.0;10;0
64;68;Female;4.0;11;10.0;13;Basic;Quarterly;940.0;22;0
65;39;Male;23.0;23;0.0;7;Basic;Monthly;520.0;26;0
66;34;Female;16.0;19;0.0;3;Basic;Quarterly;460.0;22;0
67;65;Male;24.0;7;9.0;8;Standard;Annual;180.0;27;1
68;37;Female;15.0;16;6.0;0;Basic;Monthly;910.0;4;0
69;21;Male;10.0;24;3.0;27;Standard;Quarterly;380.0;20;0
70;42;Male;;4;7.0;29;Basic;Monthly;520.0;29;0
71;59;Female;8.0;2;2.0;11;Standard;Annual;180.0;16;1
72;27;Female;44.0;12;2.0;26;Standard;Annual;360.0;28;0
73;42;Male;44.0;20;4.0;13;Basic;Annual;600.0;11;1
74;24;Female;38.0;10;10.0;27;Basic;Quarterly;920.0;27;0
75;53;Female;56.0;24;9.0;5;Premium;Monthly;400.0;28;1
76;42;Male;1.0;25;2.0;8;Premium;Quarterly;610.0;19;0
77;35;Male;19.0;16;6.0;22;Basic;Annual;900.0;21;0
78;29;Male;12.0;11;10.0;6;Premium;Monthly;430.0;16;1
79;47;Female;36.0;2;;24;Basic;Monthly;370.0;10;0
80;52;Male;39.0;24;9.0;12;Premium;Annual;140.0;16;1
81;66;Male;55.0;26;1.0;12;Basic;Quarterly;930.0;28;1
82;40;Female;24.0;13;2.0;13;Standard;Monthly;200.0;1;1
83;26;Female;15.0;15;2.0;23;Basic;Monthly;290.0;6;0
84;61;Female;57.0;22;1.0;0;Basic;Quarterly;220.0;15;1
85;50;Female;42.0;21;2.0;22;Standard;Quarterly;750.0;10;0
86;54;Female;47.0;4;3.0;23;Basic;Annual;430.0;19;1
87;23;Female;28.0;20;6.0;24;Standard;Annual;740.0;11;1
88;34;Female;28.0;27;4.0;29;Basic;Quarterly;650.0;20;1
89;57;Male;24.0;22;5.0;23;Basic;Quarterly;110.0;4;1
90;61;Male;46.0;14;2.0;15;Premium;Annual;380.0;10;1
91;40;Male;13.0;16;1.0;13;Premium;Annual;100.0;21;1
92;59;Female;60.0;8;;11;Premium;Monthly;160.0;14;0
93;61;Male;11.0;20;7.0;24;Basic;Annual;530.0;21;1
94;38;Male;29.0;8;2.0;11;Standard;Annual;340.0;19;0
95;64;Female;20.0;10;9.0;17;Basic;Monthly;180.0;10;0
96;32;Male;40.0;8;9.0;2;Basic;Annual;470.0;13;1
97;30;Male;42.0;10;;9;Standard;Monthly;510.0;28;0
98;53;Female;57.0;11;1.0;7;Standard;Quarterly;;28;1
99;51;Female;49.0;3;7.0;13;Standard;Quarterly;700.0;2;0
100;25;Male;16.0;21;;15;Basic;Annual;460.0;21;0
101;61;Male;13.0;13;9.0;21;Premium;Annual;530.0;15;1
102;28;Male;55.0;28;2.0;12;Premium;Quarterly;180.0;1;0
103;59;Female;30.0;6;10.0;4;Basic;Quarterly;450.0;19;1
104;18;Female;6.0;20;5.0;16;Basic;Annual;630.0;1;1
105;59;Male;51.0;6;5.0;1;Standard;Annual;110.0;10;1
106;58;Female;40.0;16;6.0;25;Standard;Annual;940.0;21;0
107;58;Male;2.0;15;9.0;23;Premium;Annual;570.0;24;1
108;52;Male;48.0;14;1.0;6;Standard;Annual;820.0;12;1
109;42;;38.0;19;6.0;7;Basic;Annual;350.0;24;0
110;54;Male;38.0;25;9.0;0;Basic;Annual;860.0;25;0
111;32;Male;53.0;10;6.0;10;Basic;Monthly;430.0;13;0
112;58;Male;31.0;25;3.0;1;Standard;Quarterly;950.0;6;1
113;46;Female;29.0;6;0.0;28;Basic;Monthly;580.0;20;0
114;41;Female;38.0;9;6.0;4;Premium;Quarterly;680.0;1;0
115;44;Female;13.0;10;8.0;19;Premium;Quarterly;280.0;26;1
116;47;Male;10.0;28;6.0;17;Basic;Monthly;;12;1
117;19;Male;52.0;4;;7;Premium;Annual;270.0;23;0
118;25;Female;14.0;12;7.0;24;Standard;Annual;130.0;22;0
119;30;Male;31.0;13;6.0;3;Basic;Quarterly;500.0;14;0
120;23;Female;17.0;24;0.0;26;Standard;Annual;860.0;29;1
121;40;Female;15.0;15;6.0;22;Standard;Monthly;940.0;24;1
122;52;Male;37.0;29;2.0;19;Basic;Quarterly;880.0;26;1
123;52;Female;49.0;22;8.0;26;Premium;Monthly;600.0;3;1
124;42;Male;27.0;21;1.0;12;Basic;Monthly;940.0;15;0
125;62;Male;9.0;22;10.0;8;Basic;Monthly;550.0;28;1
126;47;Female;15.0;5;3.0;4;Basic;Quarterly;530.0;24;0
127;22;Male;11.0;14;5.0;27;Basic;Quarterly;260.0;14;0
128;57;Female;54.0;17;1.0;12;Basic;Annual;820.0;3;0
129;47;Female;20.0;7;2.0;24;Standard;Quarterly;390.0;9;0
130;51;;23.0;4;;9;Standard;Annual;270.0;17;1
131;47;;5.0;4;3.0;28;Basic;Quarterly;430.0;19;0
132;46;Male;28.0;23;6.0;26;Premium;Monthly;650.0;27;0
133;22;Male;56.0;20;;9;Premium;Monthly;340.0;3;0
134;47;Female;25.0;9;7.0;14;Premium;Monthly;420.0;12;1
135;59;Female;40.0;22;0.0;23;Standard;Quarterly;400.0;8;1
136;33;Male;12.0;21;4.0;6;Premium;Quarterly;640.0;28;1
137;49;Male;9.0;24;4.0;0;Standard;Annual;750.0;5;1
138;19;Male;45.0;27;3.0;8;Standard;Monthly;720.0;7;1
139;36;Male;5.0;26;2.0;17;Basic;Monthly;220.0;9;1
140;40;Female;28.0;6;6.0;4;Premium;Annual;410.0;4;0
141;69;Male;20.0;23;4.0;10;Basic;Monthly;690.0;19;0
142;29;Female;1.0;12;3.0;27;Standard;Quarterly;290.0;16;0
143;32;Female;33.0;12;4.0;2;Premium;Monthly;160.0;17;1
144;39;Female;59.0;19;4.0;1;Basic;Quarterly;390.0;27;0
145;69;Male;5.0;18;2.0;12;Standard;Annual;720.0;13;0
146;62;Male;50.0;13;5.0;0;Basic;Monthly;710.0;10;1
147;19;Female;33.0;29;;0;Standard;Quarterly;210.0;11;0
148;30;Female;45.0;6;6.0;5;Standard;Quarterly;720.0;24;0
149;60;Male;6.0;3;7.0;3;Basic;Annual;270.0;16;0
150;21;Female;54.0;1;;24;Premium;Annual;780.0;5;1
151;62;Male;1.0;24;7.0;3;Standard;Monthly;620.0;21;0
152;32;Female;56.0;12;2.0;15;Standard;Quarterly;210.0;22;0
153;65;Male;41.0;13;4.0;21;Premium;Annual;420.0;8;0
154;33;Male;21.0;19;5.0;18;Basic;Monthly;850.0;17;1
155;40;Male;1.0;13;5.0;19;Standard;Annual;490.0;17;0
156;52;Male;38.0;17;1.0;10;Premium;Monthly;730.0;6;0
157;24;Male;6.0;2;1.0;26;Standard;Quarterly;780.0;1;1
158;46;Male;38.0;5;4.0;2;Basic;Annual;120.0;21;1
159;44;Male;48.0;28;10.0;3;Basic;Quarterly;950.0;18;0
160;58;Female;17.0;14;8.0;25;Premium;Annual;400.0;21;0
161;69;Male;15.0;5;10.0;2;Premium;Quarterly;820.0;11;0
162;52;Female;14.0;11;2.0;5;Premium;Monthly;520.0;15;1
163;39;Female;14.0;10;4.0;5;Basic;Annual;630.0;29;0
164;39;Male;7.0;8;6.0;0;Premium;Quarterly;430.0;7;1
165;39;Male;16.0;9;5.0;3;Standard;Monthly;880.0;19;1
166;60;Female;41.0;22;5.0;17;Premium;Monthly;200.0;4;1
167;34;Female;19.0;4;4.0;19;Premium;Quarterly;920.0;2;0
168;26;Male;48.0;9;0.0;2;Basic;Quarterly;290.0;28;1
169;35;Female;50.0;14;10.0;28;Premium;Annual;910.0;4;1
170;19;Male;47.0;16;;2;Standard;Monthly;120.0;20;1
171;23;Male;33.0;26;0.0;20;Premium;Quarterly;110.0;15;0
172;22;Female;20.0;27;4.0;24;Premium;Annual;180.0;24;1
173;58;Male;57.0;9;6.0;15;Basic;Annual;600.0;16;1
174;55;Female;13.0;16;9.0;14;Premium;Annual;340.0;21;1
175;54;Male;29.0;1;;3;Basic;Monthly;650.0;26;1
176;42;Female;28.0;18;4.0;7;Basic;Monthly;850.0;25;1
177;55;Male;46.0;5;8.0;25;Basic;Quarterly;120.0;21;0
178;26;Male;34.0;3;;10;Basic;Quarterly;580.0;5;1
179;64;Male;49.0;20;9.0;1;Premium;Monthly;780.0;5;1
180;44;Male;57.0;6;3.0;21;Basic;Monthly;490.0;15;1
181;66;Female;24.0;14;9.0;20;Standard;Monthly;950.0;20;0
182;25;Male;54.0;3;4.0;1;Standard;Quarterly;700.0;20;0
183;43;Male;11.0;22;0.0;1;Premium;Annual;130.0;23;1
184;54;Male;56.0;23;9.0;3;Standard;Monthly;590.0;3;1
185;43;Male;11.0;17;10.0;1;Standard;Monthly;450.0;6;0
186;41;Female;52.0;25;4.0;18;Premium;Monthly;220.0;5;0
187;26;Male;24.0;13;5.0;3;Standard;Annual;970.0;16;1
188;37;;59.0;6;4.0;18;Premium;Annual;300.0;19;1
189;30;Male;8.0;5;1.0;5;Premium;Quarterly;170.0;4;0
190;33;Female;29.0;7;;29;Premium;Monthly;300.0;26;0
191;53;Male;56.0;6;0.0;21;Basic;Monthly;850.0;9;0
192;50;Male;3.0;10;6.0;11;Basic;Annual;650.0;20;0
193;49;Female;17.0;7;0.0;12;Standard;Quarterly;850.0;22;1
194;36;Female;6.0;18;8.0;1;Standard;Monthly;520.0;2;1
195;67;Female;20.0;5;10.0;1;Basic;Annual;200.0;26;1
196;22;Male;24.0;19;7.0;16;Standard;Quarterly;450.0;29;1
197;35;Male;38.0;10;7.0;0;Basic;Quarterly;280.0;28;0
198;24;Female;16.0;20;9.0;19;Basic;Quarterly;610.0;5;0
199;35;Male;10.0;15;;11;Premium;Monthly;340.0;12;0
200;68;Female;11.0;27;10.0;4;Basic;Annual;990.0;7;0
201;37;Female;58.0;13;2.0;16;Premium;Annual;440.0;14;1
202;65;Female;59.0;9;6.0;16;Standard;Monthly;380.0;29;0
203;43;Female;14.0;18;9.0;22;Premium;Annual;1000.0;23;1
204;54;Female;12.0;20;3.0;5;Basic;Monthly;570.0;23;0
205;41;Male;4.0;13;8.0;16;Premium;Quarterly;250.0;13;0
206;31;Male;59.0;17;0.0;25;Standard;Annual;540.0;28;0
207;57;Female;44.0;14;10.0;8;Premium;Monthly;330.0;27;1
208;68;Male;47.0;9;7.0;25;Basic;Annual;750.0;24;1
209;31;Male;18.0;10;8.0;21;Premium;Monthly;620.0;24;1
210;58;Male;40.0;27;9.0;12;Basic;Annual;770.0;19;0
211;31;Female;4.0;20;2.0;26;Standard;Quarterly;960.0;3;1
212;55;Female;42.0;3;5.0;29;Basic;Monthly;770.0;9;1
213;59;Female;36.0;28;10.0;7;Premium;Annual;410.0;23;0
214;41;Male;21.0;21;1.0;29;Standard;Monthly;280.0;10;0
215;56;Male;44.0;2;9.0;0;Premium;Annual;580.0;5;0
216;32;Male;40.0;22;3.0;3;Standard;Annual;510.0;28;0
217;22;Male;27.0;18;6.0;1;Basic;Monthly;380.0;15;1
218;23;Female;12.0;27;6.0;11;Standard;Quarterly;840.0;25;0
219;41;Female;2.0;15;8.0;28;Standard;Quarterly;930.0;9;1
220;64;Male;58.0;16;10.0;18;Basic;Quarterly;450.0;11;1
221;24;Male;18.0;10;4.0;18;Premium;Quarterly;720.0;10;0
222;41;Male;19.0;10;2.0;2;Premium;Monthly;1000.0;11;1
223;54;Female;42.0;18;5.0;15;Standard;Quarterly;110.0;13;0
224;28;Female;16.0;25;7.0;11;Standard;Monthly;430.0;9;1
225;55;Male;23.0;26;9.0;14;Premium;Annual;770.0;24;0
226;33;Female;44.0;23;9.0;7;Premium;Annual;550.0;10;0
227;60;Male;37.0;18;4.0;6;Basic;Monthly;820.0;13;0
228;48;Male;41.0;15;;28;Standard;Annual;530.0;25;1
229;46;Female;1.0;10;0.0;16;Premium;Annual;150.0;13;1
230;27;Male;28.0;23;1.0;12;Premium;Monthly;490.0;1;1
231;42;Male;29.0;10;0.0;2;Standard;Annual;470.0;1;0
232;62;Female;39.0;8;;22;Premium;Annual;870.0;13;1
233;19;Male;10.0;26;2.0;14;Standard;Monthly;230.0;19;0
234;57;Female;10.0;18;7.0;11;Standard;Quarterly;240.0;28;1
235;43;Male;47.0;11;9.0;20;Standard;Annual;230.0;4;1
236;55;Male;42.0;26;9.0;3;Premium;Quarterly;620.0;16;1
237;52;Male;50.0;28;;15;Premium;Monthly;;9;0
238;40;Male;17.0;10;0.0;25;Basic;Quarterly;660.0;14;1
239;34;Male;;16;4.0;13;Basic;Quarterly;850.0;13;1
240;50;Male;17.0;15;6.0;0;Standard;Annual;880.0;10;0
241;25;Female;40.0;21;8.0;6;Premium;Quarterly;650.0;1;1
242;48;Male;10.0;28;7.0;1;Standard;Quarterly;660.0;3;0
243;22;Male;57.0;16;6.0;15;Standard;Annual;320.0;16;1
244;51;Male;21.0;24;3.0;10;Basic;Quarterly;980.0;7;1
245;50;Male;49.0;18;1.0;3;Basic;Annual;820.0;10;1
246;22;Male;21.0;26;5.0;20;Premium;Annual;900.0;3;1
247;57;Female;49.0;12;3.0;5;Standard;Annual;1000.0;2;0
248;39;Male;28.0;12;6.0;10;Premium;Monthly;420.0;4;1
249;58;Female;4.0;13;9.0;29;Basic;Annual;230.0;11;0
250;20;Female;12.0;29;6.0;1;Basic;Annual;890.0;5;1
251;27;Male;42.0;18;6.0;7;Premium;Monthly;530.0;7;1
252;43;Male;12.0;5;0.0;9;Premium;Quarterly;980.0;9;1
253;27;Male;17.0;2;7.0;15;Premium;Quarterly;730.0;9;0
254;35;Female;34.0;16;5.0;7;Basic;Quarterly;330.0;1;0
255;52;Male;16.0;24;1.0;29;Premium;Annual;420.0;4;1
256;25;Female;8.0;14;2.0;0;Standard;Annual;660.0;28;0
257;53;Female;39.0;17;9.0;28;Premium;Monthly;460.0;20;0
258;23;Female;43.0;24;;16;Premium;Quarterly;350.0;4;0
259;27;Male;45.0;15;6.0;1;Standard;Annual;290.0;9;1
260;48;;58.0;27;;3;Basic;Quarterly;690.0;12;0
261;59;Male;8.0;19;2.0;3;Premium;Annual;130.0;27;1
262;26;Male;27.0;22;3.0;8;Standard;Quarterly;180.0;26;1
263;33;Male;15.0;23;;9;Standard;Annual;130.0;23;1
264;66;Female;55.0;19;2.0;19;Standard;Annual;770.0;4;0
265;69;Female;33.0;2;7.0;9;Premium;Monthly;120.0;15;0
266;48;Female;6.0;13;2.0;21;Basic;Annual;480.0;15;0
267;41;Male;43.0;5;3.0;8;Premium;Monthly;210.0;19;1
268;36;Female;3.0;15;5.0;7;Standard;Annual;640.0;25;1
269;49;Male;17.0;5;4.0;8;Basic;Annual;130.0;10;0
270;48;Male;45.0;15;10.0;9;Basic;Monthly;120.0;17;0
271;33;Female;31.0;10;;25;Standard;Monthly;470.0;8;0
272;19;Male;47.0;1;6.0;7;Premium;Quarterly;730.0;7;0
273;25;Male;35.0;4;6.0;8;Standard;Monthly;200.0;10;1
274;67;Female;52.0;15;0.0;28;Basic;Quarterly;550.0;22;0
275;39;Male;35.0;3;2.0;19;Standard;Monthly;840.0;13;0
276;43;Male;4.0;25;0.0;5;Basic;Monthly;670.0;20;0
277;42;Male;5.0;23;10.0;26;Basic;Quarterly;790.0;21;0
278;58;Male;48.0;21;2.0;5;Premium;Annual;390.0;11;0
279;21;Female;3.0;5;4.0;4;Premium;Monthly;960.0;28;0
280;22;Female;23.0;24;10.0;13;Basic;Monthly;230.0;2;0
281;32;Male;1.0;19;8.0;20;Standard;Monthly;650.0;27;0
282;43;Male;19.0;12;7.0;5;Standard;Monthly;500.0;1;1
283;52;Male;37.0;1;0.0;22;Standard;Monthly;120.0;12;1
284;43;Female;11.0;16;6.0;4;Premium;Monthly;960.0;24;0
285;40;Female;29.0;24;6.0;23;Basic;Quarterly;740.0;20;1
286;66;Female;;1;3.0;2;Premium;Monthly;300.0;10;0
287;26;Male;5.0;2;8.0;13;Standard;Annual;140.0;26;1
288;47;Male;4.0;12;;19;Basic;Quarterly;720.0;4;1
289;46;Male;17.0;15;3.0;7;Premium;Annual;600.0;20;0
290;42;Female;51.0;14;3.0;18;Premium;Quarterly;140.0;16;0
291;59;Male;25.0;13;3.0;20;Standard;Quarterly;1000.0;7;1
292;31;Female;40.0;8;10.0;19;Premium;Quarterly;760.0;27;0
293;67;Female;3.0;2;0.0;11;Basic;Annual;520.0;23;0
294;35;Male;45.0;1;10.0;23;Standard;Monthly;310.0;1;1
295;46;Male;5.0;3;9.0;21;Standard;Annual;340.0;3;1
296;45;Male;44.0;21;5.0;9;Premium;Monthly;510.0;2;1
297;62;Male;10.0;23;7.0;22;Standard;Monthly;150.0;13;1
298;40;Male;53.0;13;10.0;27;Premium;Annual;430.0;13;1
299;32;Female;19.0;3;9.0;24;Basic;Annual;300.0;21;1
300;19;Male;12.0;13;3.0;21;Standard;Monthly;200.0;20;1
301;36;Male;21.0;29;0.0;22;Basic;Quarterly;210.0;1;1
302;60;Female;1.0;8;7.0;24;Standard;Quarterly;410.0;14;1
303;18;Female;11.0;15;1.0;8;Basic;Monthly;450.0;23;1
304;64;Male;37.0;16;1.0;21;Premium;Quarterly;420.0;27;1
305;46;Female;19.0;10;;5;Basic;Annual;730.0;9;1
306;25;Female;22.0;13;5.0;10;Premium;Quarterly;580.0;2;1
307;33;Female;50.0;14;7.0;28;Premium;Quarterly;270.0;5;0
308;46;Female;8.0;14;2.0;8;Standard;Annual;990.0;10;1
309;34;Male;25.0;21;1.0;25;Premium;Monthly;770.0;13;0
310;23;Female;12.0;17;0.0;12;Premium;Quarterly;530.0;11;0
311;52;Male;30.0;2;4.0;6;Basic;Monthly;140.0;3;0
312;52;Female;21.0;1;0.0;2;Premium;Annual;940.0;10;1
313;24;Female;3.0;12;5.0;16;Standard;Monthly;780.0;9;1
314;32;Male;5.0;27;3.0;13;Premium;Annual;520.0;15;0
315;30;Male;52.0;2;6.0;15;Premium;Quarterly;240.0;3;0
316;52;Female;4.0;3;7.0;1;Premium;Monthly;190.0;23;0
317;55;Female;48.0;20;3.0;8;Standard;Annual;360.0;13;0
318;55;Male;56.0;14;5.0;0;Basic;Monthly;310.0;10;0
319;66;Female;29.0;7;0.0;9;Basic;Monthly;290.0;27;1
320;57;Female;20.0;7;3.0;27;Basic;Quarterly;470.0;22;0
321;34;Male;48.0;20;;4;Premium;Annual;140.0;4;0
322;23;Male;60.0;16;;20;Standard;Quarterly;390.0;5;0
323;49;Male;8.0;19;5.0;0;Standard;Quarterly;900.0;1;1
324;65;Female;59.0;9;;16;Standard;Quarterly;890.0;17;1
325;68;Male;58.0;16;6.0;27;Basic;Monthly;100.0;11;0
326;29;Female;9.0;25;1.0;10;Standard;Monthly;720.0;11;0
327;30;Male;4.0;10;10.0;5;Standard;Monthly;;15;1
328;19;Female;44.0;12;4.0;17;Premium;Monthly;630.0;16;0
329;25;Male;5.0;5;7.0;8;Basic;Annual;450.0;1;1
330;46;Male;37.0;19;7.0;26;Premium;Quarterly;550.0;4;1
331;46;Female;4.0;1;3.0;25;Basic;Quarterly;290.0;23;1
332;37;Male;43.0;8;8.0;19;Standard;Annual;460.0;28;1
333;34;Male;15.0;21;6.0;19;Standard;Annual;960.0;25;0
334;61;Female;6.0;1;4.0;18;Premium;Annual;660.0;27;0
335;41;Female;5.0;29;3.0;22;Standard;Quarterly;490.0;14;0
336;60;Female;12.0;12;8.0;13;Basic;Annual;210.0;24;0
337;68;Male;33.0;12;2.0;29;Standard;Annual;930.0;26;0
338;34;Female;5.0;16;1.0;10;Standard;Monthly;240.0;26;1
339;28;Female;49.0;19;10.0;0;Standard;Monthly;760.0;5;1
340;67;Male;37.0;14;3.0;20;Basic;Quarterly;370.0;5;0
341;51;Male;19.0;26;7.0;19;Basic;Annual;350.0;12;1
342;33;Female;;28;8.0;29;Standard;Annual;250.0;15;0
343;50;Male;41.0;6;10.0;11;Basic;Annual;440.0;28;0
344;44;Female;41.0;21;7.0;12;Standard;Annual;720.0;10;0
345;65;Female;11.0;9;8.0;16;Basic;Monthly;480.0;25;1
346;31;Female;44.0;29;10.0;11;Premium;Quarterly;120.0;26;1
347;69;Male;35.0;8;;23;Basic;Monthly;340.0;28;1
348;66;Male;;9;0.0;12;Standard;Quarterly;240.0;6;0
349;27;Male;30.0;21;8.0;23;Premium;Monthly;460.0;8;0
350;26;Male;42.0;23;2.0;12;Standard;Monthly;930.0;7;1
351;45;Female;21.0;4;10.0;6;Basic;Annual;980.0;22;0
352;20;Female;3.0;17;0.0;29;Basic;Annual;;20;0
353;33;Male;8.0;11;2.0;15;Standard;Annual;200.0;12;0
354;40;Male;53.0;18;2.0;21;Basic;Quarterly;540.0;3;0
355;68;Female;46.0;17;7.0;17;Premium;Monthly;140.0;16;1
356;69;Male;23.0;29;0.0;10;Premium;Quarterly;550.0;22;0
357;25;Male;43.0;28;0.0;29;Premium;Annual;630.0;14;1
358;64;Male;1.0;19;6.0;11;Premium;Quarterly;810.0;8;1
359;22;Female;3.0;20;;29;Standard;Monthly;400.0;18;0
360;56;Male;31.0;27;6.0;12;Basic;Quarterly;130.0;20;0
361;61;Female;39.0;6;5.0;0;Standard;Annual;510.0;18;1
362;64;Male;58.0;22;7.0;1;Basic;Monthly;490.0;26;1
363;29;Female;47.0;23;6.0;29;Premium;Annual;670.0;10;1
364;64;Male;16.0;4;4.0;15;Standard;Annual;190.0;18;0
365;24;Male;50.0;26;7.0;11;Standard;Annual;660.0;25;1
366;44;Male;30.0;21;0.0;24;Premium;Quarterly;460.0;7;1
367;42;Male;51.0;11;2.0;18;Standard;Monthly;770.0;9;0
368;34;Male;11.0;15;8.0;19;Standard;Monthly;1000.0;2;1
369;19;Male;2.0;15;4.0;20;Basic;Quarterly;300.0;11;1
370;58;Male;4.0;27;0.0;5;Basic;Quarterly;790.0;2;1
371;35;Male;;29;1.0;2;Basic;Monthly;210.0;22;0
372;52;Female;5.0;24;10.0;21;Standard;Annual;1000.0;3;0
373;39;Male;58.0;19;3.0;0;Premium;Annual;540.0;21;0
374;37;Female;45.0;4;0.0;21;Basic;Quarterly;780.0;17;1
375;64;Female;9.0;27;8.0;3;Standard;Annual;810.0;29;0
376;22;Male;53.0;4;6.0;7;Basic;Quarterly;650.0;11;0
377;56;Female;9.0;5;5.0;21;Basic;Quarterly;450.0;10;1
378;56;Female;9.0;3;10.0;18;Basic;Quarterly;790.0;8;0
379;37;Female;36.0;28;3.0;23;Standard;Quarterly;530.0;16;1
380;31;Male;18.0;15;6.0;18;Standard;Annual;700.0;7;0
381;18;Male;18.0;7;8.0;1;Standard;Monthly;660.0;4;1
382;66;Male;12.0;3;7.0;25;Standard;Annual;520.0;28;0
383;67;Male;38.0;12;2.0;6;Standard;Annual;200.0;20;1
384;30;;2.0;21;8.0;4;Basic;Annual;360.0;4;1
385;19;Female;15.0;29;8.0;26;Premium;Monthly;960.0;18;0
386;24;Male;34.0;17;1.0;5;Standard;Monthly;570.0;9;0
387;21;Female;30.0;18;1.0;16;Basic;Quarterly;680.0;6;0
388;61;Male;43.0;25;8.0;14;Standard;Annual;330.0;14;1
389;64;Female;14.0;27;1.0;23;Standard;Annual;740.0;23;0
390;25;Male;40.0;9;10.0;1;Premium;Annual;540.0;1;0
391;56;Female;47.0;29;1.0;3;Basic;Monthly;300.0;11;0
392;27;Female;24.0;16;;12;Premium;Quarterly;230.0;27;1
393;37;Male;16.0;27;8.0;14;Standard;Annual;460.0;12;1
394;49;Male;34.0;4;5.0;23;Basic;Quarterly;620.0;3;0
395;55;Female;36.0;3;3.0;18;Standard;Annual;350.0;13;1
396;63;Male;6.0;26;4.0;4;Premium;Monthly;320.0;20;1
397;20;Male;35.0;20;8.0;29;Basic;Quarterly;340.0;29;1
398;28;Female;10.0;6;9.0;13;Premium;Quarterly;370.0;19;1
399;32;Female;35.0;26;2.0;28;Premium;Annual;770.0;2;0
400;34;Male;57.0;3;6.0;29;Premium;Monthly;550.0;24;1
401;69;Male;33.0;20;;1;Basic;Monthly;530.0;23;1
402;58;Male;47.0;6;3.0;15;Standard;Monthly;240.0;19;1
403;34;Female;19.0;3;8.0;12;Standard;Monthly;600.0;26;0
404;68;Male;57.0;24;2.0;14;Standard;Annual;980.0;23;0
405;43;Male;50.0;25;10.0;9;Premium;Annual;780.0;7;1
406;44;Male;56.0;4;2.0;16;Basic;Monthly;510.0;13;0
407;40;Female;46.0;3;3.0;14;Standard;Annual;380.0;15;1
408;25;Male;40.0;18;5.0;5;Premium;Quarterly;420.0;15;0
409;66;Female;33.0;1;4.0;8;Premium;Annual;120.0;19;1
410;18;Female;57.0;22;2.0;4;Standard;Monthly;120.0;21;0
411;27;Female;52.0;27;7.0;25;Premium;Annual;810.0;4;0
412;29;Female;26.0;22;0.0;20;Standard;Quarterly;870.0;17;0
413;32;Female;6.0;7;;11;Standard;Annual;990.0;2;1
414;24;Female;1.0;6;0.0;11;Standard;Quarterly;670.0;15;1
415;18;Male;15.0;20;4.0;2;Basic;Annual;950.0;13;1
416;53;Female;4.0;2;;8;Basic;Quarterly;480.0;6;1
417;68;Male;13.0;16;1.0;27;Premium;Annual;330.0;29;1
418;24;Male;7.0;14;0.0;0;Basic;Quarterly;320.0;8;1
419;33;Female;60.0;22;8.0;4;Standard;Monthly;310.0;2;1
420;44;Female;6.0;6;0.0;25;Standard;Annual;780.0;11;1
421;66;Female;39.0;23;10.0;15;Standard;Annual;100.0;22;1
422;54;Male;22.0;21;5.0;0;Standard;Quarterly;960.0;1;0
423;57;Male;11.0;7;10.0;14;Premium;Monthly;810.0;15;1
424;48;Male;43.0;11;2.0;22;Premium;Annual;450.0;13;0
425;39;Male;60.0;2;1.0;10;Premium;Annual;740.0;26;0
426;28;Male;49.0;14;;11;Standard;Annual;220.0;1;1
427;62;Male;60.0;8;9.0;18;Premium;Annual;490.0;1;1
428;59;Male;37.0;4;10.0;17;Standard;Quarterly;200.0;17;0
429;19;Female;42.0;17;3.0;27;Standard;Monthly;200.0;6;0
430;55;Male;9.0;17;4.0;7;Premium;Monthly;100.0;21;1
431;22;Female;52.0;3;6.0;8;Premium;Monthly;830.0;9;0
432;56;Female;46.0;6;5.0;4;Basic;Monthly;780.0;17;0
433;60;Male;16.0;3;2.0;19;Premium;Annual;920.0;2;1
434;24;Male;22.0;20;4.0;16;Premium;Annual;1000.0;21;1
435;40;Male;38.0;10;7.0;10;Premium;Monthly;980.0;16;1
436;24;Female;1.0;3;0.0;20;Premium;Quarterly;;1;1
437;47;Male;50.0;6;4.0;11;Premium;Monthly;110.0;8;0
438;66;Male;18.0;29;3.0;5;Basic;Quarterly;820.0;2;0
439;22;Female;5.0;8;0.0;16;Basic;Annual;760.0;2;1
440;38;Female;21.0;20;1.0;13;Basic;Annual;240.0;21;1
441;68;Male;51.0;14;5.0;12;Basic;Annual;220.0;13;0
442;33;Male;17.0;6;1.0;13;Basic;Monthly;990.0;24;0
443;24;Male;33.0;9;4.0;27;Standard;Annual;910.0;8;0
444;43;Male;50.0;1;6.0;6;Basic;Annual;400.0;21;0
445;44;Male;3.0;22;10.0;8;Basic;Quarterly;160.0;18;0
446;52;Female;47.0;10;1.0;16;Standard;Monthly;400.0;20;0
447;34;Female;18.0;15;5.0;1;Premium;Monthly;100.0;25;1
448;67;Male;43.0;5;1.0;4;Basic;Annual;730.0;21;0
449;45;Female;12.0;24;5.0;16;Standard;Monthly;440.0;22;1
450;32;Male;9.0;7;5.0;15;Standard;Monthly;140.0;22;1
451;67;Female;49.0;17;9.0;19;Premium;Quarterly;1000.0;13;1
452;66;Female;50.0;26;5.0;3;Basic;Monthly;850.0;22;1
453;43;Female;60.0;21;;25;Premium;Annual;930.0;25;0
454;19;Female;42.0;18;1.0;14;Basic;Annual;;22;0
455;49;Male;29.0;26;0.0;4;Basic;Monthly;110.0;18;1
456;46;Male;12.0;6;0.0;9;Basic;Monthly;810.0;3;0
457;25;Male;19.0;28;4.0;6;Premium;Monthly;820.0;13;0
458;50;Male;40.0;17;2.0;13;Basic;Annual;810.0;2;0
459;61;Female;22.0;12;1.0;14;Premium;Quarterly;340.0;4;1
460;23;Male;30.0;8;2.0;13;Premium;Quarterly;450.0;11;0
461;55;Female;11.0;22;;13;Premium;Monthly;950.0;14;1
462;25;Male;27.0;29;9.0;27;Basic;Monthly;160.0;16;0
463;56;Male;15.0;21;0.0;28;Basic;Quarterly;680.0;27;1
464;39;Male;7.0;1;10.0;14;Basic;Monthly;820.0;23;0
465;18;Female;9.0;14;2.0;28;Premium;Quarterly;830.0;13;1
466;68;Female;32.0;22;4.0;24;Basic;Annual;640.0;10;1
467;26;Male;23.0;12;3.0;24;Standard;Monthly;800.0;21;0
468;48;Male;7.0;23;4.0;6;Standard;Quarterly;930.0;8;0
469;27;Female;32.0;21;9.0;13;Premium;Annual;800.0;26;1
470;66;Male;11.0;2;8.0;10;Standard;Annual;200.0;23;1
471;56;Female;1.0;17;7.0;2;Standard;Monthly;320.0;20;0
472;59;Male;9.0;5;7.0;2;Premium;Monthly;380.0;8;0
473;40;Male;28.0;15;8.0;18;Premium;Annual;410.0;19;0
474;42;Male;59.0;12;2.0;12;Standard;Annual;430.0;24;0
475;50;Male;15.0;24;4.0;24;Standard;Monthly;300.0;3;0
476;58;Male;18.0;26;1.0;20;Standard;Quarterly;720.0;6;0
477;62;Male;15.0;14;8.0;2;Premium;Quarterly;200.0;15;0
478;18;;22.0;16;5.0;25;Standard;Annual;820.0;11;1
479;52;Male;44.0;19;7.0;14;Standard;Annual;700.0;21;1
480;23;Male;20.0;20;6.0;16;Premium;Quarterly;980.0;12;1
481;32;Male;41.0;19;3.0;28;Premium;Annual;100.0;29;1
482;61;Male;55.0;23;1.0;19;Standard;Monthly;370.0;9;1
483;31;Female;58.0;29;;0;Basic;Monthly;920.0;11;0
484;59;Male;35.0;25;3.0;5;Basic;Annual;550.0;1;1
485;42;Female;44.0;4;1.0;12;Standard;Monthly;610.0;8;0
486;30;Male;57.0;14;3.0;1;Premium;Annual;120.0;7;1
487;35;Female;48.0;14;10.0;5;Premium;Monthly;800.0;23;1
488;45;Male;19.0;15;3.0;23;Premium;Quarterly;330.0;10;1
489;57;Female;9.0;16;;4;Basic;Monthly;980.0;6;0
490;49;Male;8.0;21;5.0;5;Standard;Annual;440.0;10;1
491;66;Male;54.0;13;10.0;15;Premium;Quarterly;270.0;17;0
492;63;Female;34.0;8;7.0;2;Premium;Monthly;640.0;23;0
493;57;Female;19.0;14;0.0;7;Basic;Quarterly;530.0;29;0
494;49;Female;22.0;25;6.0;28;Premium;Monthly;530.0;2;0
495;33;Male;18.0;10;5.0;18;Basic;Annual;970.0;25;1
496;39;Female;49.0;1;2.0;28;Basic;Monthly;430.0;12;0
497;24;Female;38.0;29;6.0;10;Premium;Quarterly;460.0;24;0
498;37;Female;54.0;6;1.0;18;Premium;Quarterly;670.0;2;1
499;66;Male;19.0;18;8.0;7;Premium;Monthly;250.0;19;1
500;40;Female;29.0;24;9.0;11;Standard;Monthly;860.0;27;0
501;23;Female;8.0;8;1.0;5;Standard;Quarterly;310.0;2;1
502;51;Female;60.0;10;5.0;24;Standard;Quarterly;320.0;23;1
503;68;Male;32.0;9;7.0;5;Standard;Monthly;100.0;4;1
504;63;Male;34.0;5;0.0;6;Standard;Monthly;410.0;29;1
505;32;Female;26.0;5;4.0;13;Basic;Annual;630.0;22;1
506;41;Male;17.0;6;3.0;12;Premium;Annual;740.0;27;0
507;45;Female;58.0;14;0.0;9;Standard;Quarterly;920.0;27;1
508;30;Male;30.0;16;9.0;10;Standard;Annual;810.0;10;0
509;31;Male;42.0;1;5.0;8;Premium;Monthly;390.0;13;1
510;30;Female;3.0;25;9.0;27;Standard;Annual;850.0;21;0
511;69;Male;17.0;20;7.0;17;Standard;Annual;270.0;6;0
512;56;Male;50.0;3;10.0;27;Basic;Monthly;290.0;9;1
513;61;Female;6.0;25;;29;Basic;Quarterly;420.0;3;1
514;60;Female;7.0;1;7.0;19;Standard;Annual;590.0;26;0
515;67;Female;50.0;17;4.0;24;Standard;Quarterly;280.0;8;0
516;23;Male;19.0;14;5.0;3;Premium;Monthly;920.0;12;0
517;63;Male;17.0;15;9.0;28;Premium;Quarterly;340.0;14;1
518;21;Female;35.0;28;5.0;14;Premium;Annual;460.0;11;0
519;42;Male;12.0;27;6.0;21;Standard;Monthly;650.0;23;0
520;48;Male;3.0;9;2.0;7;Basic;Quarterly;490.0;27;1
521;36;Male;1.0;17;;2;Premium;Quarterly;470.0;17;0
522;25;Male;5.0;28;7.0;26;Premium;Quarterly;1000.0;25;0
523;27;Female;10.0;22;3.0;13;Standard;Monthly;500.0;4;1
524;60;Female;43.0;26;7.0;4;Premium;Monthly;200.0;29;0
525;34;Female;19.0;13;4.0;19;Premium;Annual;770.0;4;1
526;34;Male;5.0;9;1.0;1;Standard;Annual;740.0;2;1
527;66;Male;1.0;15;10.0;13;Basic;Quarterly;300.0;1;0
528;25;Male;30.0;24;10.0;21;Basic;Annual;880.0;8;1
529;65;Male;52.0;27;10.0;21;Premium;Annual;460.0;25;1
530;65;Male;21.0;20;4.0;13;Standard;Quarterly;230.0;9;1
531;49;Male;4.0;21;3.0;11;Basic;Quarterly;250.0;23;1
532;26;Male;14.0;15;0.0;25;Basic;Annual;750.0;13;0
533;26;Female;31.0;10;8.0;5;Premium;Quarterly;290.0;4;0
534;32;Female;12.0;13;3.0;2;Basic;Annual;530.0;14;1
535;48;Male;60.0;15;10.0;4;Basic;Annual;770.0;7;0
536;25;Male;47.0;24;10.0;24;Standard;Monthly;880.0;9;0
537;41;Female;22.0;17;1.0;14;Standard;Quarterly;550.0;16;1
538;24;Female;59.0;23;;1;Premium;Annual;930.0;23;0
539;46;Female;20.0;1;1.0;5;Premium;Annual;370.0;18;1
540;19;Male;9.0;22;5.0;0;Standard;Quarterly;900.0;7;1
541;54;Female;58.0;15;5.0;24;Basic;Annual;330.0;21;1
542;20;Male;59.0;29;;13;Premium;Quarterly;150.0;21;0
543;28;Male;20.0;14;7.0;2;Standard;Quarterly;760.0;7;0
544;27;Male;37.0;14;10.0;6;Premium;Monthly;790.0;25;1
545;61;Male;11.0;4;7.0;18;Standard;Monthly;950.0;25;0
546;20;Male;40.0;24;9.0;17;Basic;Annual;940.0;18;1
547;40;Male;43.0;21;10.0;24;Premium;Annual;190.0;9;1
548;48;Female;44.0;26;10.0;0;Basic;Annual;670.0;11;0
549;44;Male;35.0;3;4.0;2;Premium;Annual;740.0;13;0
550;53;Male;43.0;7;4.0;1;Premium;Monthly;650.0;6;1
551;59;Male;34.0;26;;11;Basic;Quarterly;110.0;9;0
552;38;Male;51.0;2;9.0;21;Premium;Quarterly;140.0;4;1
553;61;Male;11.0;15;;19;Basic;Annual;710.0;5;1
554;34;Male;30.0;12;6.0;6;Standard;Quarterly;880.0;22;0
555;69;Male;26.0;28;;19;Standard;Annual;260.0;4;1
556;44;Female;33.0;25;8.0;19;Standard;Annual;140.0;14;0
557;56;Female;9.0;27;8.0;5;Standard;Annual;470.0;13;0
558;63;Male;20.0;9;2.0;22;Standard;Annual;380.0;2;1
559;59;Female;59.0;18;6.0;12;Standard;Annual;1000.0;25;1
560;62;Female;7.0;21;8.0;1;Premium;Monthly;950.0;29;1
561;45;;39.0;29;9.0;11;Basic;Quarterly;610.0;19;1
562;20;Female;41.0;1;;23;Premium;Quarterly;970.0;20;1
563;43;Female;29.0;29;3.0;20;Basic;Monthly;310.0;7;0
564;27;Female;3.0;11;3.0;8;Basic;Quarterly;;25;0
565;64;Female;3.0;4;;22;Premium;Quarterly;510.0;23;0
566;30;Male;17.0;18;;11;Basic;Quarterly;530.0;13;0
567;29;Male;7.0;23;2.0;13;Premium;Monthly;140.0;21;1
568;30;Male;6.0;4;4.0;2;Basic;Quarterly;260.0;28;1
569;51;Male;10.0;2;;29;Basic;Quarterly;270.0;18;0
570;47;Male;12.0;27;2.0;25;Premium;Monthly;540.0;6;1
571;67;Male;52.0;28;9.0;5;Basic;Quarterly;270.0;10;1
572;39;Female;39.0;5;1.0;16;Premium;Monthly;190.0;6;1
573;32;Female;2.0;27;2.0;23;Standard;Monthly;650.0;10;0
574;20;Female;39.0;27;9.0;15;Premium;Quarterly;900.0;26;1
575;18;Male;9.0;29;7.0;6;Premium;Quarterly;160.0;6;1
576;37;Male;26.0;7;6.0;29;Basic;Annual;610.0;26;0
577;66;Female;3.0;17;10.0;8;Basic;Monthly;980.0;9;0
578;45;Female;6.0;29;3.0;10;Standard;Quarterly;470.0;15;0
579;64;;9.0;27;6.0;11;Premium;Annual;260.0;16;1
580;23;Female;27.0;18;7.0;26;Basic;Monthly;170.0;4;1
581;22;Female;29.0;6;8.0;15;Basic;Annual;960.0;6;1
582;61;Male;22.0;3;3.0;21;Standard;Annual;470.0;9;1
583;23;Male;38.0;8;7.0;27;Basic;Annual;190.0;2;0
584;20;Male;44.0;2;5.0;27;Basic;Annual;890.0;22;0
585;39;Female;45.0;6;6.0;25;Basic;Monthly;830.0;16;1
586;66;Female;36.0;3;10.0;27;Premium;Quarterly;740.0;25;1
587;53;Male;34.0;23;4.0;28;Premium;Annual;170.0;26;1
588;23;Female;30.0;18;8.0;29;Basic;Monthly;170.0;11;0
589;61;Male;15.0;16;;19;Standard;Quarterly;300.0;24;0
590;61;Male;30.0;24;9.0;3;Standard;Annual;240.0;2;0
591;59;Male;1.0;12;;3;Standard;Annual;580.0;13;0
592;64;Male;59.0;12;7.0;23;Premium;Quarterly;460.0;20;0
593;30;Female;23.0;7;3.0;9;Standard;Annual;800.0;14;1
594;68;Male;47.0;13;;24;Premium;Annual;190.0;22;1
595;34;Female;59.0;6;7.0;28;Basic;Monthly;760.0;25;0
596;59;Female;31.0;18;2.0;19;Basic;Monthly;950.0;13;0
597;48;Male;53.0;29;3.0;22;Standard;Annual;220.0;8;0
598;58;Male;30.0;16;3.0;8;Premium;Monthly;700.0;17;1
599;50;Female;9.0;9;10.0;13;Standard;Monthly;560.0;26;1
600;51;Male;2.0;20;1.0;28;Standard;Quarterly;180.0;29;0
601;50;Female;9.0;24;8.0;24;Basic;Annual;360.0;24;1
602;58;Male;58.0;14;6.0;6;Standard;Annual;820.0;8;0
603;56;Female;29.0;8;0.0;28;Premium;Monthly;890.0;6;0
604;24;Female;20.0;21;7.0;14;Standard;Quarterly;430.0;17;1
605;60;Male;28.0;6;9.0;25;Basic;Annual;190.0;12;0
606;45;Male;16.0;29;8.0;15;Premium;Monthly;320.0;18;0
607;34;Female;54.0;10;6.0;18;Premium;Quarterly;870.0;27;1
608;44;Male;;11;4.0;4;Standard;Quarterly;620.0;16;0
609;68;Male;6.0;22;1.0;10;Standard;Annual;490.0;11;0
610;62;Male;44.0;1;0.0;21;Standard;Annual;110.0;26;0
611;61;Male;21.0;6;4.0;25;Premium;Annual;820.0;13;0
612;42;Female;3.0;4;7.0;2;Standard;Monthly;520.0;18;1
613;58;Female;57.0;12;0.0;2;Basic;Quarterly;600.0;4;0
614;38;Male;4.0;17;;20;Basic;Annual;870.0;15;1
615;53;Female;13.0;6;7.0;13;Premium;Quarterly;610.0;13;1
616;51;Male;2.0;10;3.0;25;Premium;Annual;950.0;4;0
617;30;Male;29.0;23;;2;Premium;Quarterly;610.0;7;0
618;31;Female;37.0;28;2.0;10;Basic;Quarterly;410.0;21;0
619;21;;20.0;1;;1;Basic;Monthly;940.0;6;0
620;25;Male;5.0;19;3.0;21;Standard;Annual;690.0;4;0
621;40;Male;8.0;1;4.0;25;Basic;Annual;790.0;2;1
622;42;Male;57.0;16;5.0;4;Standard;Annual;300.0;1;0
623;26;Female;50.0;26;;9;Standard;Monthly;710.0;13;1
624;39;Male;58.0;24;3.0;25;Basic;Monthly;610.0;15;1
625;49;Male;33.0;7;;1;Basic;Monthly;190.0;19;1
626;30;Female;34.0;8;4.0;28;Standard;Monthly;330.0;17;0
627;35;Male;48.0;23;3.0;26;Premium;Monthly;930.0;16;0
628;37;Male;38.0;24;7.0;4;Standard;Monthly;620.0;29;1
629;44;Male;27.0;9;8.0;4;Basic;Annual;810.0;8;0
630;37;Male;18.0;1;4.0;20;Basic;Monthly;250.0;21;1
631;56;Male;30.0;13;1.0;0;Standard;Quarterly;300.0;3;1
632;35;Female;4.0;18;4.0;15;Basic;Quarterly;960.0;25;1
633;40;Female;12.0;13;6.0;1;Premium;Quarterly;480.0;11;0
634;37;Female;45.0;28;0.0;15;Premium;Annual;910.0;11;0
635;27;Female;53.0;24;0.0;10;Basic;Monthly;840.0;4;1
636;53;Male;7.0;23;;21;Premium;Annual;400.0;15;1
637;30;Male;6.0;1;0.0;26;Basic;Annual;970.0;12;1
638;33;Female;6.0;25;4.0;14;Standard;Monthly;810.0;29;1
639;59;Male;49.0;22;9.0;19;Premium;Annual;210.0;6;1
640;67;Female;19.0;12;3.0;18;Basic;Quarterly;180.0;13;1
641;52;Female;20.0;18;5.0;29;Basic;Annual;210.0;27;1
642;65;Male;1.0;24;1.0;6;Basic;Monthly;780.0;24;0
643;62;Male;60.0;27;9.0;7;Premium;Monthly;230.0;23;0
644;43;Male;27.0;16;7.0;11;Basic;Quarterly;350.0;16;1
645;58;Male;49.0;2;10.0;22;Standard;Annual;490.0;26;1
646;35;Male;44.0;18;10.0;25;Standard;Monthly;220.0;7;0
647;41;Male;9.0;20;4.0;8;Premium;Annual;400.0;24;1
648;45;Female;49.0;2;0.0;3;Premium;Annual;720.0;17;0
649;67;Female;34.0;24;4.0;18;Premium;Quarterly;990.0;11;0
650;62;Female;37.0;6;1.0;17;Premium;Annual;530.0;7;1
651;43;Male;13.0;26;6.0;11;Standard;Annual;780.0;16;0
652;51;Male;52.0;16;1.0;5;Standard;Monthly;580.0;1;1
653;28;Male;57.0;10;;25;Basic;Annual;520.0;21;1
654;59;Male;25.0;2;7.0;25;Premium;Annual;570.0;7;1
655;46;Female;6.0;1;3.0;22;Standard;Monthly;980.0;12;0
656;45;Male;52.0;22;;17;Standard;Quarterly;150.0;6;1
657;57;Male;55.0;11;9.0;7;Basic;Quarterly;570.0;14;0
658;50;Female;31.0;25;5.0;12;Basic;Annual;140.0;11;1
659;21;Male;36.0;7;1.0;2;Standard;Annual;900.0;6;0
660;32;Male;14.0;27;4.0;7;Standard;Quarterly;650.0;26;1
661;27;Male;5.0;28;7.0;13;Standard;Monthly;140.0;23;1
662;56;Female;58.0;3;9.0;13;Basic;Monthly;670.0;12;0
663;19;Female;30.0;19;3.0;2;Basic;Monthly;500.0;2;0
664;28;Male;17.0;28;8.0;28;Premium;Quarterly;140.0;25;0
665;49;Female;43.0;10;3.0;8;Standard;Annual;1000.0;21;1
666;54;Female;2.0;2;2.0;15;Standard;Monthly;440.0;17;1
667;44;Female;5.0;26;5.0;13;Basic;Annual;120.0;18;1
668;62;Male;15.0;14;1.0;14;Standard;Quarterly;660.0;1;1
669;65;Male;28.0;1;4.0;25;Standard;Monthly;440.0;14;1
670;24;Female;23.0;25;4.0;22;Standard;Monthly;700.0;6;1
671;67;Male;12.0;20;3.0;26;Premium;Monthly;240.0;19;0
672;49;Female;22.0;3;9.0;11;Premium;Annual;860.0;28;1
673;51;Female;21.0;8;3.0;7;Basic;Monthly;480.0;16;1
674;22;Male;33.0;1;8.0;12;Standard;Annual;480.0;18;1
675;50;Female;35.0;28;8.0;16;Premium;Quarterly;830.0;20;0
676;55;Female;54.0;1;7.0;10;Standard;Monthly;600.0;27;0
677;48;Female;50.0;24;3.0;13;Basic;Monthly;100.0;2;0
678;22;Male;18.0;15;9.0;4;Basic;Quarterly;630.0;9;1
679;45;Female;56.0;17;2.0;17;Premium;Quarterly;690.0;8;1
680;66;Male;32.0;24;3.0;21;Premium;Annual;380.0;21;0
681;55;Female;12.0;26;10.0;15;Basic;Quarterly;260.0;13;0
682;25;Female;21.0;4;4.0;26;Standard;Monthly;140.0;23;1
683;67;Female;46.0;1;8.0;29;Standard;Monthly;870.0;14;1
684;67;Male;51.0;4;0.0;27;Basic;Quarterly;100.0;29;1
685;26;Male;23.0;20;7.0;2;Standard;Quarterly;630.0;23;1
686;59;Male;10.0;17;10.0;26;Premium;Annual;860.0;1;1
687;39;Male;12.0;3;8.0;10;Basic;Annual;420.0;29;0
688;48;Male;7.0;7;6.0;13;Basic;Quarterly;280.0;28;0
689;41;Female;43.0;16;10.0;12;Standard;Quarterly;750.0;2;1
690;58;Male;31.0;22;3.0;8;Basic;Annual;670.0;12;1
691;69;Female;28.0;10;4.0;26;Premium;Monthly;110.0;29;0
692;59;Female;41.0;28;0.0;19;Standard;Quarterly;630.0;25;1
693;66;Male;51.0;29;8.0;29;Basic;Monthly;100.0;14;0
694;67;Female;49.0;23;8.0;28;Standard;Quarterly;460.0;16;0
695;22;Female;9.0;14;9.0;12;Premium;Annual;370.0;1;0
696;31;Male;36.0;26;8.0;21;Standard;Monthly;860.0;17;1
697;55;Male;54.0;22;1.0;15;Standard;Monthly;990.0;20;1
698;48;Female;48.0;16;7.0;14;Basic;Monthly;740.0;11;1
699;20;Female;21.0;13;9.0;22;Basic;Monthly;770.0;9;1
700;22;Female;24.0;25;2.0;20;Basic;Monthly;120.0;25;1
701;45;Female;55.0;17;5.0;27;Basic;Annual;150.0;14;0
702;50;Female;3.0;6;10.0;23;Basic;Annual;810.0;8;1
703;26;Male;33.0;29;4.0;18;Standard;Quarterly;490.0;11;0
704;26;Female;8.0;2;9.0;27;Basic;Annual;560.0;15;1
705;24;Male;55.0;21;6.0;3;Standard;Annual;730.0;8;0
706;47;Female;3.0;20;7.0;22;Premium;Annual;410.0;17;0
707;18;Male;2.0;17;7.0;11;Premium;Annual;720.0;25;1
708;47;Male;21.0;2;7.0;12;Standard;Monthly;760.0;22;0
709;42;Female;13.0;15;9.0;23;Basic;Quarterly;320.0;7;1
710;42;Male;31.0;26;10.0;8;Standard;Quarterly;730.0;14;1
711;53;Female;19.0;7;3.0;26;Premium;Quarterly;250.0;16;1
712;45;Male;22.0;21;;14;Standard;Annual;380.0;20;0
713;55;Female;35.0;25;7.0;10;Premium;Monthly;810.0;22;0
714;57;Female;35.0;28;7.0;9;Premium;Annual;1000.0;15;0
715;65;Male;58.0;15;3.0;12;Basic;Annual;150.0;10;1
716;59;Female;30.0;10;5.0;28;Basic;Monthly;690.0;20;1
717;44;Male;35.0;21;7.0;3;Basic;Quarterly;620.0;4;0
718;43;Female;42.0;15;4.0;15;Basic;Annual;650.0;20;1
719;30;Female;11.0;19;3.0;25;Basic;Monthly;820.0;26;1
720;49;Female;41.0;22;9.0;14;Standard;Monthly;160.0;21;1
721;25;Male;53.0;21;4.0;16;Standard;Annual;780.0;13;0
722;66;Male;20.0;8;7.0;10;Standard;Monthly;350.0;24;1
723;61;Female;11.0;22;0.0;4;Premium;Annual;240.0;16;1
724;24;Female;22.0;16;0.0;19;Premium;Annual;510.0;16;0
725;58;Male;17.0;27;10.0;27;Premium;Quarterly;120.0;25;0
726;24;Male;36.0;20;1.0;15;Premium;Quarterly;680.0;6;0
727;55;Male;53.0;26;9.0;12;Standard;Quarterly;610.0;23;1
728;22;Female;37.0;29;10.0;3;Premium;Quarterly;570.0;20;1
729;43;Male;8.0;29;5.0;28;Standard;Quarterly;120.0;16;1
730;52;Male;20.0;22;10.0;26;Basic;Quarterly;800.0;3;0
731;55;Female;43.0;18;5.0;27;Basic;Annual;130.0;23;1
732;39;Male;21.0;4;;10;Basic;Annual;340.0;7;0
733;65;Female;36.0;12;2.0;18;Premium;Annual;460.0;26;1
734;58;Male;43.0;14;5.0;12;Basic;Monthly;740.0;23;0
735;28;Female;21.0;23;4.0;7;Premium;Monthly;470.0;11;1
736;52;Female;40.0;18;9.0;6;Premium;Annual;850.0;13;1
737;55;Female;25.0;13;0.0;11;Standard;Quarterly;950.0;1;1
738;35;Male;9.0;5;9.0;16;Premium;Quarterly;800.0;15;1
739;56;Male;23.0;21;0.0;3;Premium;Monthly;130.0;2;0
740;64;Female;27.0;13;3.0;21;Premium;Monthly;800.0;29;1
741;60;Male;1.0;2;7.0;13;Standard;Monthly;280.0;19;1
742;57;Male;55.0;9;1.0;26;Basic;Quarterly;910.0;7;0
743;50;Male;33.0;26;5.0;8;Basic;Quarterly;1000.0;24;1
744;32;Female;3.0;4;;1;Premium;Quarterly;170.0;1;0
745;59;Female;53.0;12;9.0;9;Premium;Monthly;190.0;16;0
746;36;Female;53.0;15;0.0;29;Standard;Monthly;740.0;4;1
747;45;Female;1.0;3;7.0;9;Basic;Annual;230.0;2;0
748;34;Male;10.0;5;7.0;21;Premium;Quarterly;990.0;8;0
749;34;Male;23.0;28;0.0;25;Basic;Monthly;590.0;9;0
750;26;Male;31.0;18;7.0;8;Standard;Quarterly;620.0;22;1
751;67;Female;45.0;7;6.0;19;Standard;Quarterly;890.0;26;1
752;25;Male;26.0;5;8.0;6;Basic;Quarterly;290.0;23;0
753;22;Female;38.0;13;3.0;10;Basic;Monthly;610.0;22;1
754;66;Female;1.0;21;3.0;8;Basic;Annual;;17;1
755;46;Male;41.0;22;8.0;20;Premium;Monthly;120.0;11;1
756;40;Female;56.0;6;8.0;26;Premium;Annual;260.0;8;1
757;56;Male;33.0;22;1.0;7;Standard;Quarterly;230.0;28;1
758;37;Female;28.0;26;2.0;8;Standard;Quarterly;400.0;16;0
759;24;Female;19.0;7;7.0;24;Standard;Quarterly;210.0;17;0
760;55;Female;59.0;1;9.0;13;Standard;Quarterly;250.0;1;1
761;27;Male;3.0;28;2.0;15;Standard;Quarterly;880.0;14;0
762;46;Male;18.0;16;2.0;21;Standard;Quarterly;520.0;20;1
763;67;Male;9.0;23;9.0;4;Standard;Monthly;420.0;15;0
764;66;Male;53.0;10;8.0;26;Standard;Quarterly;480.0;18;0
765;36;Male;30.0;9;10.0;10;Standard;Monthly;990.0;24;1
766;58;Male;57.0;7;9.0;19;Premium;Monthly;550.0;1;0
767;49;Female;41.0;7;;12;Basic;Annual;530.0;27;1
768;42;Male;34.0;14;2.0;22;Basic;Monthly;950.0;24;1
769;25;Male;32.0;4;3.0;18;Standard;Quarterly;130.0;13;0
770;37;Female;13.0;25;2.0;5;Basic;Monthly;540.0;23;0
771;51;Female;35.0;15;0.0;5;Basic;Quarterly;780.0;2;0
772;69;Female;42.0;27;9.0;26;Premium;Quarterly;570.0;9;1
773;18;Female;59.0;15;7.0;15;Standard;Monthly;890.0;4;0
774;55;Female;34.0;9;1.0;8;Standard;Annual;910.0;19;1
775;62;Female;58.0;15;2.0;4;Premium;Monthly;400.0;25;0
776;67;Male;58.0;5;2.0;3;Basic;Quarterly;850.0;18;0
777;40;Female;32.0;24;4.0;27;Standard;Quarterly;320.0;21;0
778;24;Male;27.0;21;5.0;29;Basic;Quarterly;320.0;5;0
779;32;Male;9.0;5;3.0;11;Standard;Quarterly;990.0;28;0
780;62;Male;17.0;17;;6;Basic;Quarterly;110.0;6;1
781;63;Male;54.0;16;2.0;12;Premium;Monthly;420.0;16;0
782;51;Female;9.0;6;6.0;4;Basic;Annual;670.0;20;1
783;24;Male;25.0;4;5.0;16;Basic;Monthly;480.0;25;1
784;24;Male;43.0;23;4.0;18;Basic;Quarterly;870.0;28;1
785;42;Male;15.0;8;9.0;29;Basic;Quarterly;330.0;18;1
786;48;Female;60.0;16;;9;Basic;Quarterly;600.0;17;0
787;19;Male;40.0;8;0.0;5;Basic;Monthly;210.0;13;1
788;53;Female;2.0;19;5.0;4;Premium;Annual;290.0;17;0
789;46;Female;16.0;2;1.0;11;Premium;Quarterly;250.0;20;1
790;18;Male;46.0;11;5.0;18;Premium;Monthly;780.0;19;0
791;22;Female;53.0;16;7.0;1;Premium;Monthly;280.0;18;1
792;41;Male;57.0;13;4.0;22;Premium;Quarterly;710.0;13;1
793;55;Male;52.0;18;3.0;13;Standard;Quarterly;410.0;6;1
794;60;Female;5.0;6;3.0;23;Standard;Quarterly;610.0;2;0
795;40;Female;45.0;13;3.0;13;Standard;Annual;900.0;13;1
796;33;Male;7.0;22;3.0;4;Basic;Annual;890.0;12;1
797;68;Female;5.0;10;4.0;0;Standard;Annual;110.0;18;1
798;41;Male;43.0;5;8.0;16;Premium;Annual;820.0;27;0
799;34;Female;30.0;25;1.0;16;Basic;Annual;970.0;21;0
800;41;Female;40.0;23;0.0;24;Premium;Annual;710.0;24;0
801;18;Female;52.0;20;6.0;26;Premium;Quarterly;270.0;17;1
802;33;Female;5.0;24;8.0;4;Standard;Quarterly;710.0;27;0
803;44;Male;33.0;23;3.0;9;Standard;Quarterly;680.0;28;1
804;65;Female;51.0;22;2.0;6;Basic;Monthly;700.0;5;1
805;56;Female;27.0;15;7.0;3;Basic;Annual;490.0;19;1
806;58;Female;32.0;1;4.0;0;Basic;Quarterly;580.0;15;1
807;46;Male;31.0;18;8.0;2;Premium;Quarterly;690.0;29;1
808;23;Male;56.0;8;1.0;15;Standard;Annual;520.0;17;1
809;38;Male;4.0;23;1.0;4;Basic;Annual;810.0;1;0
810;69;Male;54.0;14;6.0;5;Standard;Annual;750.0;7;1
811;20;Male;50.0;27;4.0;3;Premium;Annual;370.0;4;1
812;63;Male;50.0;18;8.0;21;Basic;Annual;660.0;6;1
813;53;Female;26.0;16;6.0;19;Basic;Monthly;790.0;3;1
814;32;Male;32.0;27;4.0;28;Premium;Monthly;550.0;23;1
815;58;Female;23.0;14;1.0;3;Premium;Monthly;750.0;15;1
816;61;Male;16.0;11;1.0;6;Standard;Annual;210.0;20;1
817;20;Female;54.0;11;9.0;13;Premium;Annual;450.0;29;1
818;23;Male;31.0;26;2.0;19;Standard;Annual;740.0;19;0
819;52;Male;45.0;22;6.0;3;Standard;Annual;920.0;14;0
820;69;Female;7.0;5;9.0;6;Basic;Annual;690.0;8;1
821;19;Female;49.0;15;10.0;12;Premium;Annual;710.0;22;1
822;52;Male;41.0;11;3.0;0;Premium;Annual;410.0;15;0
823;25;Male;;19;1.0;11;Basic;Monthly;740.0;22;1
824;51;Female;9.0;2;9.0;22;Premium;Quarterly;420.0;1;1
825;50;Female;33.0;21;8.0;15;Premium;Quarterly;140.0;5;1
826;22;Male;32.0;22;3.0;13;Basic;Quarterly;320.0;4;0
827;53;Male;33.0;7;7.0;14;Basic;Quarterly;660.0;20;1
828;64;Male;4.0;5;2.0;28;Standard;Monthly;980.0;16;0
829;62;Female;29.0;19;8.0;15;Standard;Monthly;550.0;10;0
830;19;Male;19.0;8;8.0;16;Standard;Monthly;890.0;9;0
831;30;Male;38.0;28;3.0;27;Standard;Monthly;810.0;18;0
832;30;Female;15.0;23;5.0;4;Premium;Annual;610.0;29;0
833;41;Male;27.0;28;4.0;2;Standard;Quarterly;830.0;29;1
834;25;Male;38.0;16;0.0;13;Basic;Annual;460.0;14;0
835;62;Male;4.0;28;1.0;9;Basic;Annual;500.0;20;0
836;58;Male;48.0;1;;6;Premium;Annual;770.0;3;1
837;60;Male;44.0;9;5.0;3;Premium;Monthly;680.0;28;1
838;28;Male;4.0;1;1.0;26;Standard;Quarterly;580.0;1;1
839;18;Female;4.0;20;0.0;18;Basic;Monthly;490.0;10;1
840;65;Female;52.0;15;4.0;20;Basic;Monthly;990.0;22;0
841;33;Male;18.0;9;;3;Basic;Monthly;160.0;29;1
842;52;Female;53.0;9;4.0;10;Basic;Monthly;150.0;5;1
843;65;Male;31.0;19;;18;Standard;Monthly;540.0;20;1
844;19;Female;21.0;6;5.0;15;Basic;Annual;130.0;6;1
845;18;Male;17.0;15;9.0;20;Basic;Quarterly;410.0;2;1
846;18;Female;41.0;18;9.0;20;Basic;Quarterly;620.0;13;1
847;26;Male;7.0;7;0.0;12;Premium;Quarterly;470.0;17;1
848;20;Female;25.0;7;0.0;23;Standard;Annual;280.0;8;1
849;60;Male;22.0;11;;7;Basic;Monthly;360.0;29;0
850;49;Female;10.0;18;;2;Premium;Quarterly;650.0;18;0
851;68;Male;22.0;8;1.0;27;Standard;Monthly;970.0;13;0
852;59;Female;33.0;11;7.0;0;Basic;Quarterly;810.0;15;0
853;68;Male;42.0;16;;8;Premium;Quarterly;600.0;14;0
854;30;Female;6.0;6;;3;Premium;Annual;220.0;4;1
855;32;Female;54.0;17;3.0;6;Standard;Quarterly;320.0;18;0
856;62;;54.0;5;9.0;11;Basic;Monthly;500.0;23;0
857;30;Male;43.0;5;7.0;3;Basic;Quarterly;320.0;13;0
858;20;Male;57.0;7;;14;Standard;Annual;730.0;13;1
859;52;Male;27.0;9;1.0;27;Premium;Quarterly;430.0;27;1
860;59;Male;51.0;1;7.0;4;Premium;Quarterly;860.0;18;1
861;68;Female;45.0;28;0.0;27;Premium;Monthly;340.0;9;1
862;66;;35.0;9;4.0;12;Premium;Monthly;550.0;1;1
863;24;;11.0;24;0.0;17;Standard;Monthly;750.0;24;1
864;58;Male;35.0;27;5.0;13;Standard;Monthly;280.0;19;1
865;61;Female;55.0;24;9.0;9;Premium;Quarterly;800.0;19;0
866;54;Female;;25;7.0;3;Premium;Annual;630.0;9;1
867;60;Female;28.0;3;3.0;17;Standard;Quarterly;690.0;6;0
868;61;Male;16.0;11;5.0;27;Basic;Quarterly;510.0;15;1
869;41;Male;46.0;22;4.0;15;Premium;Annual;960.0;22;0
870;20;Female;5.0;17;8.0;17;Basic;Annual;810.0;9;0
871;41;Male;10.0;1;3.0;19;Standard;Quarterly;270.0;16;0
872;28;Male;35.0;17;1.0;11;Standard;Annual;610.0;29;1
873;23;Female;;24;6.0;3;Premium;Monthly;930.0;7;1
874;24;Female;21.0;25;9.0;15;Basic;Quarterly;350.0;7;0
875;54;Female;28.0;12;5.0;26;Standard;Quarterly;590.0;7;1
876;44;Female;20.0;7;2.0;9;Standard;Annual;790.0;27;0
877;46;Male;27.0;9;0.0;26;Basic;Quarterly;350.0;16;1
878;56;Male;1.0;9;;25;Basic;Annual;570.0;27;0
879;46;Male;37.0;11;9.0;7;Standard;Monthly;600.0;28;0
880;50;Female;37.0;9;1.0;17;Premium;Monthly;260.0;13;1
881;22;Male;20.0;14;0.0;22;Standard;Annual;260.0;2;1
882;62;Female;17.0;2;1.0;14;Premium;Annual;610.0;9;1
883;41;Male;47.0;8;4.0;20;Premium;Annual;260.0;16;1
884;26;Female;12.0;10;9.0;27;Premium;Monthly;970.0;12;1
885;60;Male;3.0;5;1.0;18;Premium;Monthly;580.0;1;0
886;56;Male;3.0;26;9.0;25;Premium;Monthly;740.0;29;0
887;20;Male;54.0;20;0.0;24;Premium;Quarterly;460.0;9;1
888;28;Male;23.0;27;8.0;24;Basic;Quarterly;370.0;18;0
889;18;Female;7.0;17;3.0;25;Premium;Annual;540.0;28;1
890;32;Male;54.0;4;;6;Basic;Annual;750.0;16;0
891;23;Male;10.0;27;5.0;0;Premium;Annual;460.0;21;1
892;54;Female;21.0;14;3.0;4;Standard;Monthly;350.0;2;0
893;45;Female;2.0;20;2.0;7;Premium;Monthly;230.0;21;1
894;68;Male;42.0;12;9.0;20;Standard;Quarterly;590.0;25;1
895;56;Male;43.0;15;4.0;15;Standard;Quarterly;720.0;27;0
896;49;Male;47.0;15;4.0;14;Standard;Annual;580.0;3;0
897;44;Female;17.0;9;8.0;0;Standard;Monthly;330.0;7;0
898;20;Male;21.0;17;6.0;20;Standard;Monthly;320.0;2;0
899;21;Male;58.0;22;7.0;10;Standard;Monthly;440.0;27;0
900;50;Male;51.0;1;5.0;22;Standard;Annual;420.0;8;1
901;18;Female;3.0;4;0.0;3;Standard;Annual;280.0;16;0
902;20;Male;43.0;25;0.0;8;Basic;Annual;960.0;14;0
903;29;Female;50.0;17;0.0;1;Standard;Quarterly;400.0;20;1
904;63;Male;35.0;29;6.0;8;Basic;Monthly;330.0;26;0
905;41;Female;40.0;18;6.0;27;Basic;Annual;650.0;10;0
906;54;Male;1.0;19;8.0;14;Standard;Monthly;830.0;23;1
907;39;Male;2.0;27;10.0;13;Basic;Monthly;520.0;9;1
908;27;Male;3.0;20;2.0;8;Standard;Annual;710.0;6;1
909;37;Female;10.0;10;;7;Premium;Quarterly;180.0;4;0
910;22;Female;;16;;20;Premium;Monthly;590.0;11;1
911;58;Male;39.0;7;7.0;29;Basic;Quarterly;160.0;17;1
912;27;Male;48.0;10;6.0;22;Standard;Monthly;220.0;23;1
913;37;Female;19.0;20;2.0;22;Standard;Monthly;640.0;25;1
914;68;Male;58.0;5;2.0;14;Premium;Annual;280.0;16;0
915;48;Male;13.0;20;0.0;2;Standard;Monthly;130.0;12;1
916;41;Male;56.0;17;7.0;21;Premium;Annual;260.0;6;1
917;46;Female;2.0;9;5.0;24;Premium;Quarterly;810.0;27;1
918;58;Female;2.0;2;2.0;15;Basic;Quarterly;630.0;12;1
919;31;Female;5.0;21;1.0;2;Standard;Annual;450.0;23;1
920;51;Female;49.0;24;0.0;21;Standard;Quarterly;990.0;19;0
921;63;Male;16.0;22;7.0;27;Standard;Monthly;450.0;28;1
922;47;Male;28.0;13;8.0;6;Standard;Annual;900.0;29;1
923;41;Male;29.0;19;7.0;4;Basic;Quarterly;410.0;21;1
924;25;Male;49.0;13;1.0;22;Standard;Quarterly;120.0;20;1
925;30;Male;22.0;11;0.0;9;Premium;Quarterly;200.0;4;0
926;67;Male;1.0;10;1.0;21;Basic;Quarterly;350.0;1;0
927;46;Male;24.0;7;9.0;21;Standard;Quarterly;270.0;16;0
928;33;Female;18.0;29;8.0;7;Premium;Annual;240.0;21;1
929;39;Male;45.0;20;3.0;1;Standard;Monthly;450.0;22;1
930;48;Male;46.0;6;0.0;16;Premium;Quarterly;990.0;8;1
931;45;Female;6.0;26;3.0;12;Standard;Quarterly;280.0;15;1
932;54;Female;49.0;5;9.0;25;Basic;Quarterly;310.0;26;1
933;31;Female;5.0;18;1.0;10;Premium;Monthly;;3;0
934;51;Female;38.0;5;9.0;7;Basic;Quarterly;280.0;12;1
935;41;Female;24.0;11;5.0;25;Basic;Monthly;860.0;28;1
936;66;Male;19.0;20;1.0;22;Basic;Quarterly;670.0;6;1
937;26;Male;30.0;29;;18;Premium;Annual;950.0;10;1
938;25;Female;19.0;29;6.0;28;Premium;Quarterly;610.0;14;1
939;42;Male;49.0;26;8.0;23;Basic;Annual;640.0;20;0
940;44;Male;59.0;7;1.0;25;Standard;Quarterly;300.0;8;1
941;53;Male;50.0;3;4.0;23;Standard;Monthly;620.0;23;1
942;39;Male;27.0;27;7.0;12;Basic;Quarterly;710.0;7;1
943;65;Male;31.0;27;7.0;1;Premium;Monthly;1000.0;11;0
944;42;Male;28.0;9;0.0;18;Premium;Annual;180.0;17;0
945;24;Female;49.0;1;7.0;22;Standard;Annual;240.0;1;0
946;24;Female;34.0;19;;29;Standard;Quarterly;110.0;23;1
947;68;Male;29.0;3;9.0;20;Premium;Annual;820.0;20;0
948;24;Female;25.0;2;2.0;17;Standard;Monthly;170.0;25;0
949;67;Male;23.0;28;10.0;17;Standard;Monthly;940.0;8;1
950;32;Female;34.0;15;8.0;3;Standard;Monthly;430.0;12;0
951;22;Female;43.0;4;0.0;0;Standard;Quarterly;360.0;27;1
952;33;Male;27.0;19;1.0;1;Standard;Monthly;990.0;2;0
953;49;Female;50.0;11;;27;Basic;Quarterly;760.0;15;0
954;40;Female;51.0;16;2.0;23;Standard;Annual;600.0;15;1
955;58;Female;27.0;27;1.0;7;Standard;Quarterly;910.0;13;1
956;49;Female;56.0;7;5.0;12;Basic;Quarterly;790.0;13;1
957;38;Female;11.0;19;6.0;14;Standard;Monthly;680.0;22;1
958;51;Male;57.0;25;6.0;7;Standard;Monthly;390.0;6;0
959;68;Female;18.0;13;7.0;12;Standard;Annual;1000.0;26;1
960;39;Female;35.0;29;;10;Premium;Annual;760.0;26;0
961;25;Female;18.0;14;9.0;20;Standard;Monthly;960.0;6;1
962;39;Male;27.0;14;0.0;22;Standard;Monthly;980.0;29;0
963;61;Female;21.0;26;1.0;2;Basic;Annual;600.0;8;1
964;29;Male;44.0;19;0.0;13;Premium;Monthly;420.0;2;0
965;67;Female;5.0;26;4.0;29;Basic;Quarterly;970.0;12;0
966;48;Male;52.0;23;4.0;26;Standard;Annual;;24;0
967;49;Female;56.0;21;;23;Basic;Annual;210.0;25;1
968;34;Female;35.0;8;4.0;22;Premium;Quarterly;680.0;19;0
969;65;Male;34.0;12;0.0;0;Standard;Quarterly;650.0;24;1
970;19;Male;43.0;26;10.0;29;Basic;Annual;780.0;8;0
971;33;Male;13.0;18;3.0;22;Basic;Annual;990.0;26;1
972;39;Female;46.0;9;10.0;26;Premium;Annual;330.0;19;0
973;42;Female;14.0;10;9.0;27;Standard;Quarterly;990.0;4;1
974;42;Male;42.0;23;10.0;7;Basic;Annual;690.0;4;0
975;25;Male;19.0;6;9.0;0;Premium;Annual;170.0;8;0
976;29;Male;46.0;4;1.0;19;Basic;Monthly;570.0;3;0
977;22;Male;49.0;23;7.0;13;Standard;Monthly;220.0;9;0
978;47;Female;13.0;9;4.0;0;Basic;Annual;970.0;29;1
979;36;Female;38.0;23;7.0;8;Basic;Monthly;800.0;7;0
980;47;Male;31.0;16;8.0;29;Basic;Annual;930.0;19;1
981;48;Female;18.0;29;6.0;10;Basic;Quarterly;650.0;29;1
982;54;Male;36.0;16;3.0;7;Premium;Monthly;460.0;8;0
983;46;Female;;26;10.0;19;Standard;Quarterly;490.0;21;1
984;51;Male;1.0;25;7.0;19;Premium;Annual;970.0;14;0
985;48;Female;59.0;7;10.0;9;Basic;Annual;230.0;9;0
986;51;Female;53.0;29;2.0;25;Premium;Quarterly;910.0;28;0
987;50;Male;33.0;22;10.0;17;Basic;Monthly;480.0;20;0
988;34;Female;38.0;4;3.0;4;Basic;Annual;640.0;13;0
989;30;Female;23.0;1;5.0;9;Basic;Annual;710.0;24;1
990;58;Male;8.0;8;10.0;25;Premium;Quarterly;170.0;27;1
991;35;Male;35.0;1;4.0;2;Premium;Quarterly;230.0;23;1
992;46;Female;50.0;11;3.0;0;Premium;Quarterly;240.0;26;0
993;28;Male;15.0;29;10.0;19;Premium;Monthly;810.0;10;1
994;40;Male;44.0;14;;13;Basic;Monthly;170.0;10;0
995;45;Male;46.0;1;3.0;7;Premium;Monthly;660.0;7;0
996;50;Female;47.0;15;3.0;14;Standard;Annual;190.0;21;1
997;45;Male;21.0;7;2.0;5;Standard;Monthly;800.0;24;0
998;36;Male;24.0;25;0.0;11;Standard;Quarterly;990.0;20;0
999;68;Female;26.0;3;6.0;7;Standard;Quarterly;480.0;18;1
1000;44;Male;53.0;23;3.0;17;Basic;Monthly;290.0;23;1
1001;60;Female;55.0;13;10.0;20;Basic;Annual;500.0;6;1
1002;56;Male;26.0;1;2.0;27;Standard;Monthly;730.0;11;0
1003;47;Female;60.0;20;7.0;2;Standard;Annual;760.0;21;0
1004;64;Female;35.0;14;6.0;9;Premium;Annual;680.0;2;1
1005;24;Male;24.0;23;7.0;7;Standard;Annual;630.0;27;0
1006;65;Female;1.0;18;1.0;17;Basic;Monthly;680.0;5;0
1007;62;Male;38.0;23;5.0;15;Standard;Annual;290.0;23;0
1008;44;Male;40.0;14;7.0;26;Standard;Quarterly;290.0;18;1
1009;56;Male;60.0;1;4.0;27;Premium;Quarterly;950.0;25;1
1010;45;Female;44.0;4;10.0;23;Standard;Annual;630.0;23;1
1011;31;Male;2.0;14;6.0;5;Standard;Quarterly;890.0;15;1
1012;59;Male;35.0;12;4.0;1;Premium;Monthly;670.0;22;0
1013;30;Male;46.0;24;0.0;26;Standard;Monthly;510.0;11;1
1014;34;Male;31.0;12;2.0;28;Premium;Quarterly;620.0;17;0
1015;45;Male;27.0;25;5.0;7;Premium;Quarterly;730.0;27;0
1016;61;Male;50.0;6;4.0;1;Premium;Monthly;270.0;3;0
1017;37;Male;38.0;12;10.0;20;Premium;Monthly;520.0;11;1
1018;43;Male;42.0;22;9.0;17;Standard;Annual;760.0;1;1
1019;20;Female;29.0;4;1.0;26;Basic;Quarterly;180.0;16;1
1020;24;Male;17.0;10;7.0;17;Standard;Annual;160.0;23;0
1021;20;Female;32.0;22;5.0;22;Basic;Monthly;240.0;2;0
1022;21;Male;59.0;18;1.0;23;Standard;Monthly;640.0;16;0
1023;63;Male;37.0;23;7.0;0;Premium;Monthly;310.0;13;0
1024;61;Male;44.0;15;6.0;4;Standard;Quarterly;500.0;23;0
1025;60;Male;8.0;25;1.0;23;Basic;Annual;220.0;7;1
1026;20;Male;;26;5.0;5;Basic;Quarterly;330.0;5;1
1027;22;Female;15.0;29;8.0;6;Premium;Monthly;110.0;3;1
1028;32;Male;60.0;4;3.0;22;Premium;Annual;840.0;12;1
1029;47;Male;28.0;18;4.0;6;Standard;Quarterly;520.0;15;0
1030;35;Female;57.0;4;1.0;4;Premium;Quarterly;260.0;27;1
1031;43;Male;55.0;7;2.0;0;Premium;Monthly;580.0;14;0
1032;26;Male;47.0;9;;14;Standard;Quarterly;950.0;5;1
1033;56;Male;56.0;19;7.0;19;Basic;Quarterly;850.0;21;1
1034;34;Male;38.0;13;2.0;21;Premium;Annual;910.0;2;0
1035;21;Male;52.0;26;5.0;27;Standard;Monthly;470.0;11;0
1036;56;Female;11.0;9;2.0;19;Premium;Monthly;430.0;19;1
1037;64;Female;5.0;18;5.0;22;Premium;Annual;390.0;8;1
1038;18;Male;34.0;23;1.0;6;Standard;Quarterly;380.0;18;1
1039;40;Female;50.0;29;7.0;10;Standard;Monthly;940.0;14;1
1040;61;Female;47.0;8;6.0;9;Basic;Monthly;220.0;28;1
1041;54;Male;33.0;22;7.0;1;Premium;Quarterly;880.0;9;0
1042;62;Female;32.0;3;5.0;29;Basic;Quarterly;940.0;27;1
1043;39;Female;38.0;16;3.0;7;Standard;Monthly;870.0;19;1
1044;37;Female;53.0;13;2.0;13;Standard;Quarterly;670.0;22;0
1045;54;Female;52.0;28;2.0;10;Basic;Annual;880.0;5;0
1046;25;Male;7.0;23;5.0;1;Standard;Annual;120.0;1;1
1047;30;Male;37.0;27;5.0;27;Premium;Quarterly;850.0;22;1
1048;49;Male;24.0;25;8.0;6;Basic;Quarterly;570.0;14;0
1049;52;Male;49.0;12;0.0;3;Basic;Quarterly;980.0;9;1
1050;24;Male;31.0;22;3.0;10;Basic;Monthly;170.0;26;1
1051;44;Female;;1;10.0;4;Basic;Monthly;950.0;10;1
1052;36;Male;27.0;17;10.0;29;Basic;Annual;620.0;13;0
1053;44;Male;42.0;2;;5;Standard;Monthly;190.0;22;0
1054;67;Female;7.0;22;3.0;9;Premium;Annual;560.0;28;0
1055;21;Male;57.0;29;1.0;8;Premium;Monthly;130.0;27;1
1056;69;Male;10.0;20;2.0;0;Premium;Annual;170.0;19;1
1057;41;Female;24.0;25;1.0;0;Premium;Annual;580.0;4;0
1058;58;Male;52.0;7;;15;Standard;Annual;850.0;4;1
1059;40;Male;60.0;29;10.0;6;Premium;Annual;190.0;21;0
1060;34;Male;30.0;16;9.0;2;Basic;Monthly;340.0;15;1
1061;58;Female;30.0;20;8.0;8;Premium;Quarterly;460.0;4;0
1062;53;Male;3.0;23;4.0;8;Basic;Quarterly;590.0;21;1
1063;25;Male;60.0;19;5.0;12;Premium;Quarterly;100.0;28;1
1064;54;Male;2.0;10;10.0;29;Basic;Monthly;680.0;2;1
1065;57;Male;2.0;18;9.0;9;Basic;Annual;550.0;24;0
1066;38;Female;29.0;19;6.0;21;Standard;Monthly;980.0;10;0
1067;66;Male;1.0;25;10.0;23;Premium;Annual;370.0;12;0
1068;51;Female;11.0;14;4.0;1;Basic;Annual;550.0;21;1
1069;35;Male;39.0;15;4.0;15;Basic;Monthly;170.0;8;0
1070;18;Male;44.0;15;10.0;13;Standard;Annual;940.0;5;1
1071;53;Female;19.0;4;4.0;15;Premium;Quarterly;860.0;28;1
1072;28;Male;49.0;3;9.0;5;Premium;Monthly;420.0;11;0
1073;57;Male;38.0;1;5.0;13;Standard;Annual;520.0;5;0
1074;45;Female;14.0;20;3.0;3;Standard;Monthly;880.0;21;0
1075;42;Male;44.0;13;2.0;28;Standard;Monthly;370.0;7;1
1076;26;Male;37.0;26;7.0;17;Premium;Annual;310.0;23;1
1077;54;Female;50.0;21;5.0;1;Basic;Annual;320.0;3;0
1078;26;Male;10.0;5;4.0;15;Basic;Monthly;750.0;16;1
1079;39;Male;15.0;3;8.0;27;Basic;Monthly;290.0;12;0
1080;61;Male;19.0;11;0.0;22;Basic;Monthly;180.0;28;0
1081;65;Male;21.0;27;1.0;8;Standard;Monthly;250.0;16;1
1082;69;Male;55.0;2;;26;Premium;Monthly;1000.0;27;1
1083;67;Female;45.0;6;7.0;5;Standard;Quarterly;900.0;8;0
1084;46;Male;34.0;1;6.0;7;Standard;Monthly;970.0;14;1
1085;28;Female;33.0;12;0.0;4;Basic;Monthly;350.0;24;1
1086;61;Male;55.0;29;7.0;27;Standard;Monthly;500.0;5;1
1087;59;Male;28.0;20;5.0;21;Basic;Annual;550.0;27;1
1088;69;Male;14.0;15;7.0;15;Premium;Annual;580.0;23;0
1089;51;Female;9.0;5;0.0;20;Standard;Annual;120.0;20;0
1090;25;Male;21.0;11;6.0;7;Standard;Quarterly;640.0;8;1
1091;44;Male;40.0;16;6.0;2;Premium;Quarterly;130.0;24;1
1092;41;Female;29.0;8;3.0;25;Basic;Quarterly;350.0;25;0
1093;61;Female;26.0;21;0.0;28;Standard;Annual;360.0;9;0
1094;38;Male;30.0;29;;1;Standard;Annual;720.0;18;0
1095;35;Female;60.0;6;8.0;1;Basic;Annual;920.0;2;1
1096;22;Male;;8;7.0;16;Basic;Quarterly;740.0;12;0
1097;61;Male;10.0;4;9.0;1;Basic;Annual;500.0;5;0
1098;57;Male;7.0;22;8.0;21;Basic;Annual;580.0;17;0
1099;20;Male;15.0;14;1.0;28;Premium;Annual;570.0;16;1
1100;40;Male;52.0;9;5.0;8;Basic;Quarterly;230.0;16;1
1101;42;Female;29.0;7;10.0;8;Basic;Quarterly;980.0;20;0
1102;42;Male;53.0;3;3.0;25;Premium;Quarterly;940.0;27;0
1103;65;Female;40.0;14;;10;Standard;Quarterly;320.0;6;0
1104;25;Female;34.0;20;0.0;7;Premium;Quarterly;200.0;7;1
1105;33;Female;18.0;7;3.0;2;Premium;Monthly;250.0;7;1
1106;27;Female;21.0;1;4.0;25;Basic;Annual;670.0;27;1
1107;30;Female;10.0;14;7.0;27;Standard;Quarterly;120.0;3;1
1108;65;;32.0;20;2.0;2;Basic;Annual;190.0;1;0
1109;66;Male;18.0;11;2.0;24;Standard;Monthly;690.0;5;0
1110;20;Male;18.0;8;7.0;4;Premium;Annual;230.0;23;0
1111;50;Male;3.0;5;3.0;4;Premium;Annual;160.0;17;1
1112;30;Male;49.0;22;10.0;11;Premium;Monthly;110.0;27;0
1113;28;Male;58.0;25;10.0;13;Basic;Quarterly;740.0;6;1
1114;33;Female;31.0;23;3.0;25;Basic;Annual;430.0;12;0
1115;28;Male;33.0;16;6.0;20;Standard;Annual;360.0;17;1
1116;43;Female;57.0;21;3.0;4;Basic;Annual;680.0;3;0
1117;69;Male;32.0;12;4.0;17;Standard;Quarterly;250.0;27;0
1118;48;Male;38.0;1;8.0;26;Premium;Monthly;570.0;24;1
1119;55;Male;27.0;11;3.0;19;Basic;Annual;540.0;5;0
1120;43;Male;32.0;21;1.0;6;Premium;Annual;720.0;25;0
1121;18;Male;32.0;19;3.0;3;Premium;Annual;670.0;14;0
1122;22;Male;44.0;29;;13;Premium;Monthly;720.0;10;1
1123;31;Male;37.0;29;3.0;14;Basic;Quarterly;290.0;28;0
1124;30;Male;31.0;8;4.0;10;Basic;Monthly;220.0;16;1
1125;61;Male;5.0;1;7.0;3;Basic;Annual;590.0;7;1
1126;61;Male;56.0;8;1.0;3;Basic;Annual;150.0;24;1
1127;62;Male;55.0;26;3.0;15;Basic;Monthly;510.0;21;0
1128;51;Male;12.0;24;2.0;28;Standard;Monthly;670.0;6;1
1129;46;Male;18.0;3;;17;Basic;Quarterly;850.0;20;0
1130;51;Male;60.0;5;;13;Basic;Quarterly;700.0;19;1
1131;39;Male;20.0;17;9.0;27;Premium;Quarterly;;8;1
1132;52;Female;50.0;20;2.0;20;Premium;Quarterly;610.0;13;0
1133;59;;48.0;29;7.0;21;Premium;Annual;510.0;25;0
1134;57;Female;53.0;22;7.0;17;Basic;Annual;320.0;6;1
1135;49;Male;1.0;7;10.0;22;Standard;Annual;710.0;21;1
1136;21;Male;30.0;2;1.0;15;Standard;Quarterly;840.0;25;1
1137;55;Male;35.0;19;8.0;18;Basic;Annual;390.0;28;1
1138;37;Female;52.0;17;2.0;18;Premium;Annual;160.0;10;1
1139;56;Female;14.0;27;6.0;22;Standard;Monthly;100.0;8;1
1140;46;Female;19.0;17;10.0;26;Premium;Annual;680.0;28;1
1141;63;Female;11.0;15;0.0;8;Basic;Quarterly;700.0;14;0
1142;35;Male;47.0;9;1.0;20;Standard;Quarterly;210.0;17;1
1143;66;Female;;3;9.0;0;Basic;Annual;120.0;15;1
1144;61;Female;9.0;26;0.0;15;Premium;Annual;700.0;15;0
1145;35;Male;15.0;24;8.0;26;Standard;Annual;460.0;19;0
1146;43;Female;19.0;5;6.0;19;Basic;Annual;480.0;13;0
1147;45;Male;55.0;21;4.0;8;Basic;Quarterly;340.0;12;0
1148;57;;28.0;11;10.0;18;Standard;Quarterly;760.0;12;1
1149;53;Female;18.0;13;10.0;10;Basic;Quarterly;780.0;20;0
1150;62;Male;20.0;25;3.0;12;Basic;Annual;140.0;24;1
1151;37;Female;37.0;25;0.0;6;Premium;Monthly;180.0;17;0
1152;44;Male;24.0;6;1.0;18;Premium;Quarterly;610.0;20;1
1153;40;Female;9.0;9;1.0;5;Standard;Annual;650.0;12;1
1154;65;Female;51.0;24;;13;Premium;Monthly;230.0;23;1
1155;33;Female;26.0;27;7.0;28;Standard;Quarterly;240.0;12;1
1156;48;Female;16.0;3;8.0;22;Basic;Monthly;720.0;13;0
1157;24;Male;45.0;25;2.0;12;Premium;Monthly;510.0;2;1
1158;62;Male;46.0;15;10.0;29;Basic;Quarterly;210.0;8;1
1159;37;Male;10.0;18;8.0;0;Premium;Monthly;660.0;22;0
1160;35;Male;5.0;3;9.0;28;Standard;Monthly;160.0;3;1
1161;48;Male;3.0;20;5.0;10;Basic;Quarterly;310.0;7;0
1162;43;Male;47.0;20;8.0;24;Basic;Quarterly;750.0;23;1
1163;62;Male;39.0;20;6.0;28;Premium;Monthly;300.0;26;0
1164;45;Male;49.0;23;4.0;18;Premium;Quarterly;150.0;13;1
1165;44;Female;39.0;28;7.0;18;Standard;Monthly;980.0;12;0
1166;23;Male;25.0;25;3.0;22;Basic;Quarterly;300.0;15;0
1167;19;Female;36.0;22;;7;Premium;Monthly;570.0;23;1
1168;38;Male;45.0;29;8.0;5;Premium;Monthly;850.0;14;1
1169;69;Male;25.0;20;8.0;10;Standard;Quarterly;;6;0
1170;65;Male;56.0;20;8.0;14;Standard;Annual;840.0;13;1
1171;50;Male;55.0;16;5.0;22;Premium;Quarterly;410.0;8;1
1172;50;Male;49.0;23;;7;Standard;Quarterly;880.0;20;1
1173;38;Male;;3;2.0;16;Basic;Quarterly;110.0;5;0
1174;27;Male;24.0;15;6.0;0;Basic;Monthly;400.0;18;1
1175;18;Male;7.0;13;0.0;0;Standard;Monthly;280.0;4;1
1176;35;Female;30.0;27;3.0;29;Premium;Quarterly;580.0;29;0
1177;34;Male;46.0;3;6.0;25;Premium;Quarterly;920.0;19;0
1178;27;Female;48.0;19;5.0;25;Standard;Quarterly;810.0;5;1
1179;31;Male;24.0;6;;9;Basic;Annual;;28;0
1180;19;Female;18.0;26;7.0;15;Standard;Quarterly;220.0;17;0
1181;49;Female;28.0;25;4.0;20;Basic;Monthly;790.0;18;0
1182;66;Female;50.0;7;5.0;7;Standard;Quarterly;760.0;2;1
1183;53;Female;4.0;26;7.0;22;Standard;Quarterly;510.0;6;1
1184;41;Male;21.0;15;9.0;20;Premium;Monthly;180.0;24;1
1185;39;Male;15.0;29;3.0;12;Premium;Quarterly;190.0;14;1
1186;33;Male;50.0;22;7.0;13;Premium;Annual;940.0;18;0
1187;25;Female;29.0;1;6.0;9;Basic;Quarterly;370.0;29;0
1188;49;Female;6.0;6;0.0;24;Premium;Quarterly;680.0;13;0
1189;47;Male;16.0;12;10.0;29;Basic;Monthly;960.0;12;0
1190;18;Female;3.0;7;6.0;29;Standard;Monthly;550.0;24;0
1191;39;Male;30.0;4;2.0;23;Premium;Monthly;290.0;2;1
1192;32;Female;;29;7.0;10;Premium;Annual;540.0;14;0
1193;26;Female;35.0;26;8.0;23;Standard;Annual;310.0;25;0
1194;54;Male;54.0;13;10.0;7;Basic;Quarterly;260.0;7;0
1195;45;Female;46.0;7;0.0;26;Standard;Annual;840.0;9;0
1196;50;Female;54.0;6;4.0;8;Premium;Quarterly;410.0;14;0
1197;55;Male;19.0;27;2.0;12;Standard;Quarterly;730.0;3;0
1198;69;Male;59.0;10;6.0;2;Standard;Quarterly;760.0;3;0
1199;59;Male;15.0;1;6.0;2;Standard;Monthly;600.0;8;1
1200;50;Female;27.0;12;5.0;11;Standard;Quarterly;590.0;27;1
1201;63;Male;42.0;14;;16;Basic;Annual;260.0;7;1
1202;42;Female;18.0;19;6.0;0;Premium;Quarterly;580.0;22;1
1203;69;Female;17.0;10;4.0;25;Basic;Annual;790.0;13;1
1204;57;Male;8.0;27;0.0;3;Premium;Monthly;270.0;23;1
1205;51;Male;1.0;19;3.0;29;Basic;Monthly;310.0;10;1
1206;64;Female;31.0;29;10.0;8;Standard;Monthly;730.0;26;1
1207;44;Female;;11;5.0;11;Standard;Quarterly;1000.0;11;0
1208;55;Male;14.0;19;10.0;4;Standard;Annual;460.0;23;0
1209;32;Male;27.0;11;6.0;24;Standard;Quarterly;860.0;25;0
1210;68;Male;58.0;21;6.0;21;Premium;Quarterly;260.0;13;0
1211;50;;48.0;22;5.0;2;Basic;Quarterly;620.0;20;1
1212;58;Male;1.0;10;6.0;3;Premium;Quarterly;960.0;4;0
1213;41;Female;31.0;28;0.0;18;Premium;Annual;500.0;15;1
1214;63;Male;9.0;25;0.0;25;Premium;Monthly;560.0;11;1
1215;21;Female;16.0;26;5.0;3;Basic;Monthly;240.0;28;1
1216;23;Male;16.0;7;7.0;6;Basic;Annual;580.0;28;0
1217;44;Male;38.0;21;6.0;16;Standard;Quarterly;630.0;23;0
1218;56;Female;13.0;4;5.0;3;Basic;Monthly;1000.0;28;0
1219;60;Female;16.0;4;3.0;9;Premium;Annual;280.0;29;1
1220;40;Male;14.0;29;8.0;0;Premium;Monthly;430.0;23;1
1221;51;Male;22.0;5;7.0;14;Standard;Monthly;690.0;18;1
1222;46;Male;41.0;26;0.0;21;Premium;Monthly;960.0;6;1
1223;67;Male;25.0;13;5.0;12;Basic;Monthly;310.0;24;1
1224;52;Male;20.0;9;8.0;7;Premium;Annual;730.0;6;1
1225;39;Female;32.0;3;9.0;12;Basic;Annual;900.0;6;0
1226;68;Male;38.0;20;3.0;15;Premium;Quarterly;680.0;26;0
1227;23;Female;1.0;21;;4;Standard;Annual;490.0;4;0
1228;69;Male;55.0;14;7.0;3;Standard;Monthly;310.0;5;1
1229;26;Male;56.0;24;5.0;5;Basic;Quarterly;360.0;15;1
1230;32;Female;37.0;10;7.0;29;Standard;Monthly;140.0;17;1
1231;60;Male;36.0;16;10.0;21;Premium;Annual;230.0;2;1
1232;56;Female;43.0;9;2.0;3;Premium;Quarterly;500.0;11;1
1233;68;Male;27.0;17;1.0;9;Standard;Annual;220.0;7;0
1234;56;Female;23.0;4;5.0;12;Basic;Quarterly;100.0;9;0
1235;51;Female;22.0;14;1.0;5;Standard;Quarterly;730.0;6;1
1236;36;Female;10.0;16;10.0;25;Premium;Annual;160.0;20;1
1237;18;Male;52.0;17;;28;Basic;Annual;220.0;14;1
1238;24;Male;20.0;13;7.0;7;Premium;Monthly;640.0;28;0
1239;33;Male;18.0;19;;0;Premium;Annual;940.0;1;1
1240;20;Male;59.0;15;0.0;8;Premium;Annual;760.0;23;1
1241;44;Male;31.0;9;7.0;17;Standard;Monthly;120.0;27;1
1242;58;Male;38.0;7;5.0;24;Basic;Annual;250.0;15;0
1243;68;Male;15.0;19;3.0;10;Basic;Monthly;780.0;21;1
1244;43;Male;17.0;28;3.0;8;Premium;Quarterly;770.0;13;1
1245;63;Male;45.0;22;6.0;7;Standard;Monthly;450.0;18;1
1246;69;Male;28.0;19;7.0;0;Basic;Monthly;970.0;27;1
1247;62;Male;10.0;27;1.0;0;Premium;Quarterly;910.0;16;1
1248;42;Female;51.0;27;7.0;12;Basic;Annual;780.0;17;1
1249;34;Male;25.0;15;;18;Premium;Annual;780.0;29;1
1250;68;Male;41.0;4;0.0;0;Standard;Quarterly;820.0;15;0
1251;30;Male;21.0;19;10.0;6;Standard;Annual;230.0;6;0
1252;39;Female;35.0;19;7.0;27;Basic;Monthly;740.0;20;0
1253;21;Male;48.0;9;4.0;29;Basic;Annual;960.0;21;1
1254;59;Female;54.0;25;8.0;19;Premium;Monthly;300.0;7;0
1255;51;Female;13.0;26;7.0;15;Standard;Quarterly;110.0;22;0
1256;22;Male;42.0;10;9.0;17;Premium;Annual;430.0;2;1
1257;29;Female;56.0;14;0.0;11;Premium;Monthly;340.0;10;1
1258;46;Female;40.0;6;0.0;6;Basic;Quarterly;970.0;25;0
1259;46;Male;9.0;6;7.0;11;Standard;Annual;510.0;18;0
1260;59;Male;12.0;8;3.0;20;Premium;Annual;700.0;18;1
1261;31;Female;13.0;11;2.0;19;Standard;Monthly;1000.0;19;0
1262;66;Female;7.0;8;5.0;20;Standard;Quarterly;820.0;5;1
1263;41;Male;46.0;5;8.0;18;Standard;Monthly;780.0;28;1
1264;60;Male;59.0;13;2.0;1;Premium;Quarterly;990.0;9;0
1265;30;Female;32.0;19;;18;Premium;Quarterly;730.0;23;1
1266;19;Male;37.0;10;5.0;26;Premium;Monthly;310.0;29;0
1267;20;Female;48.0;16;1.0;19;Standard;Annual;760.0;7;1
1268;37;Male;26.0;8;0.0;17;Standard;Quarterly;390.0;19;0
1269;67;Female;29.0;21;10.0;6;Standard;Quarterly;400.0;2;0
1270;20;Female;36.0;19;1.0;23;Basic;Monthly;690.0;19;0
1271;37;Female;19.0;28;5.0;13;Premium;Monthly;390.0;13;1
1272;23;Female;4.0;2;8.0;7;Basic;Quarterly;120.0;3;0
1273;66;Female;35.0;25;6.0;14;Premium;Quarterly;;20;0
1274;53;Female;51.0;10;3.0;3;Standard;Monthly;620.0;29;0
1275;57;Female;5.0;2;1.0;27;Premium;Annual;710.0;3;1
1276;55;Male;14.0;21;8.0;21;Premium;Quarterly;840.0;26;0
1277;52;Female;17.0;5;5.0;9;Standard;Monthly;680.0;25;1
1278;58;Male;50.0;6;0.0;23;Standard;Quarterly;660.0;16;1
1279;18;Female;31.0;29;2.0;1;Standard;Monthly;820.0;27;1
1280;63;Female;33.0;7;6.0;11;Standard;Monthly;370.0;9;1
1281;56;Male;40.0;16;2.0;19;Basic;Monthly;860.0;21;0
1282;56;Male;17.0;6;4.0;0;Basic;Monthly;760.0;21;1
1283;38;Male;44.0;4;1.0;21;Premium;Quarterly;260.0;17;1
1284;59;Female;2.0;1;9.0;24;Premium;Annual;230.0;25;0
1285;37;Male;7.0;1;7.0;17;Basic;Monthly;900.0;26;1
1286;20;Male;50.0;14;9.0;6;Basic;Monthly;920.0;23;0
1287;65;Female;41.0;13;0.0;22;Standard;Monthly;;18;1
1288;30;Female;11.0;2;4.0;10;Premium;Monthly;190.0;29;1
1289;23;Male;27.0;11;3.0;22;Premium;Monthly;920.0;17;1
1290;50;Male;4.0;8;7.0;18;Premium;Monthly;890.0;19;0
1291;30;Female;41.0;17;9.0;2;Basic;Annual;800.0;6;1
1292;62;Female;47.0;29;2.0;2;Basic;Quarterly;550.0;10;1
1293;41;Female;17.0;21;9.0;0;Standard;Quarterly;560.0;27;0
1294;18;Male;22.0;27;6.0;2;Basic;Annual;490.0;15;1
1295;67;Male;15.0;6;9.0;8;Standard;Monthly;120.0;15;1
1296;44;Male;24.0;7;0.0;0;Standard;Monthly;560.0;24;1
1297;31;Female;17.0;22;;28;Premium;Quarterly;310.0;10;1
1298;53;Male;16.0;9;5.0;27;Basic;Quarterly;280.0;8;0
1299;45;Male;27.0;25;3.0;5;Premium;Monthly;150.0;1;0
1300;19;Female;53.0;14;2.0;9;Premium;Quarterly;520.0;7;0
1301;57;Female;47.0;6;;22;Premium;Monthly;140.0;15;0
1302;38;Female;19.0;25;10.0;19;Premium;Monthly;880.0;22;1
1303;54;Male;58.0;16;1.0;17;Premium;Quarterly;910.0;10;1
1304;64;Male;13.0;24;5.0;29;Basic;Annual;830.0;13;0
1305;49;Male;56.0;14;8.0;18;Standard;Annual;370.0;7;1
1306;52;Male;19.0;4;7.0;20;Standard;Annual;250.0;24;0
1307;31;Male;33.0;20;2.0;15;Premium;Quarterly;560.0;16;0
1308;30;Male;13.0;4;4.0;15;Basic;Monthly;710.0;5;1
1309;39;Female;47.0;20;4.0;8;Standard;Monthly;110.0;18;1
1310;62;Female;20.0;13;3.0;15;Basic;Quarterly;880.0;10;0
1311;45;;54.0;23;;27;Basic;Monthly;500.0;26;1
1312;36;Male;6.0;26;2.0;11;Premium;Monthly;850.0;8;1
1313;58;Male;31.0;12;8.0;3;Basic;Monthly;170.0;26;0
1314;62;Male;10.0;26;10.0;17;Premium;Monthly;490.0;21;1
1315;64;Male;55.0;4;9.0;23;Premium;Quarterly;520.0;4;1
1316;33;Male;26.0;4;9.0;28;Premium;Quarterly;140.0;23;0
1317;54;Male;42.0;29;1.0;16;Basic;Monthly;750.0;21;1
1318;48;Female;54.0;17;1.0;23;Basic;Quarterly;950.0;14;1
1319;41;Male;33.0;14;9.0;7;Standard;Annual;590.0;5;1
1320;38;Female;4.0;5;8.0;12;Standard;Quarterly;460.0;14;1
1321;23;Male;14.0;9;8.0;12;Premium;Monthly;680.0;18;1
1322;32;Male;13.0;20;5.0;9;Standard;Monthly;430.0;4;0
1323;46;Male;56.0;24;6.0;21;Basic;Quarterly;430.0;10;0
1324;64;Male;56.0;27;0.0;26;Premium;Monthly;790.0;21;0
1325;63;Male;30.0;12;3.0;9;Premium;Annual;640.0;17;0
1326;27;Female;55.0;14;6.0;4;Standard;Annual;340.0;29;0
1327;53;Male;16.0;5;1.0;24;Premium;Quarterly;470.0;7;1
1328;22;Male;42.0;3;1.0;25;Premium;Annual;860.0;23;0
1329;53;Female;24.0;13;0.0;28;Standard;Annual;580.0;13;0
1330;35;Male;15.0;17;2.0;7;Basic;Monthly;160.0;7;1
1331;41;Female;16.0;4;;21;Standard;Quarterly;880.0;28;0
1332;55;Male;26.0;12;8.0;21;Standard;Quarterly;780.0;19;1
1333;40;Female;21.0;19;;23;Premium;Quarterly;340.0;16;1
1334;59;Male;13.0;24;3.0;24;Premium;Quarterly;980.0;9;0
1335;45;Male;21.0;28;7.0;28;Standard;Quarterly;970.0;26;0
1336;69;Female;8.0;10;10.0;14;Standard;Annual;;1;1
1337;51;Female;60.0;12;4.0;2;Standard;Monthly;440.0;4;0
1338;33;Male;24.0;26;7.0;5;Standard;Quarterly;940.0;6;1
1339;58;Female;7.0;21;8.0;26;Standard;Monthly;840.0;19;1
1340;39;Male;36.0;8;9.0;25;Standard;Annual;900.0;3;1
1341;45;Male;54.0;20;;0;Standard;Monthly;600.0;24;0
1342;25;Male;22.0;5;7.0;11;Premium;Monthly;350.0;6;1
1343;24;Female;52.0;14;6.0;7;Basic;Monthly;300.0;20;0
1344;47;Male;38.0;9;10.0;9;Basic;Quarterly;980.0;24;1
1345;27;Female;46.0;29;8.0;19;Premium;Quarterly;560.0;26;1
1346;69;Male;19.0;2;4.0;15;Premium;Annual;950.0;9;0
1347;62;Female;3.0;25;7.0;14;Standard;Quarterly;610.0;3;0
1348;54;Female;22.0;9;6.0;13;Standard;Monthly;590.0;22;0
1349;56;Male;57.0;2;2.0;19;Standard;Quarterly;160.0;14;1
1350;48;Male;49.0;20;6.0;20;Standard;Monthly;460.0;28;0
1351;21;Male;48.0;20;7.0;1;Basic;Quarterly;610.0;6;1
1352;38;Female;54.0;5;10.0;4;Standard;Annual;200.0;17;1
1353;43;Male;23.0;2;6.0;10;Basic;Monthly;240.0;4;1
1354;65;Male;20.0;4;1.0;13;Basic;Annual;640.0;15;1
1355;29;Male;57.0;12;;29;Standard;Monthly;320.0;1;0
1356;43;Female;35.0;4;6.0;26;Premium;Annual;740.0;22;0
1357;35;Male;19.0;21;3.0;19;Basic;Annual;520.0;18;1
1358;24;Male;17.0;3;9.0;1;Premium;Annual;470.0;3;0
1359;23;Female;54.0;23;4.0;3;Standard;Annual;200.0;15;1
1360;36;Male;4.0;26;4.0;13;Premium;Annual;470.0;13;1
1361;22;Female;4.0;21;10.0;17;Standard;Monthly;590.0;20;0
1362;21;Male;46.0;28;10.0;19;Premium;Monthly;620.0;15;1
1363;36;Male;1.0;28;6.0;4;Standard;Quarterly;340.0;14;0
1364;28;Female;11.0;2;4.0;26;Premium;Quarterly;120.0;25;1
1365;46;Female;;10;10.0;14;Standard;Quarterly;960.0;16;1
1366;18;Female;26.0;23;2.0;17;Standard;Annual;980.0;24;1
1367;33;Male;45.0;10;8.0;1;Standard;Monthly;930.0;26;1
1368;41;Male;30.0;22;7.0;24;Premium;Annual;360.0;25;0
1369;68;Male;6.0;23;10.0;16;Premium;Quarterly;650.0;28;1
1370;50;Male;12.0;29;5.0;6;Basic;Monthly;220.0;21;0
1371;63;Male;47.0;10;9.0;9;Premium;Annual;930.0;17;1
1372;35;Male;6.0;11;0.0;10;Premium;Monthly;100.0;16;0
1373;41;Male;37.0;1;9.0;0;Premium;Quarterly;530.0;6;0
1374;39;Male;22.0;9;0.0;28;Standard;Annual;880.0;25;0
1375;64;Male;23.0;9;7.0;24;Standard;Annual;760.0;21;0
1376;67;Male;59.0;14;2.0;26;Premium;Monthly;890.0;26;0
1377;68;Female;37.0;13;;10;Standard;Monthly;550.0;21;0
1378;57;Female;38.0;25;9.0;16;Standard;Monthly;180.0;14;1
1379;44;Male;22.0;23;1.0;13;Standard;Monthly;100.0;9;1
1380;46;Female;24.0;22;10.0;14;Standard;Annual;240.0;29;0
1381;68;Female;42.0;1;3.0;17;Basic;Annual;150.0;22;1
1382;32;Male;3.0;14;6.0;13;Basic;Quarterly;510.0;26;0
1383;36;Male;15.0;22;1.0;23;Basic;Quarterly;140.0;17;1
1384;64;Male;37.0;8;1.0;1;Standard;Monthly;270.0;15;0
1385;38;Male;39.0;13;2.0;5;Standard;Monthly;480.0;1;1
1386;30;Female;6.0;22;6.0;26;Standard;Monthly;770.0;3;0
1387;47;Female;49.0;24;6.0;26;Premium;Annual;720.0;21;0
1388;34;Male;34.0;25;10.0;24;Basic;Monthly;150.0;7;1
1389;64;Female;15.0;13;1.0;11;Standard;Monthly;930.0;3;1
1390;65;Male;46.0;12;8.0;13;Basic;Annual;600.0;23;1
1391;33;Female;;12;0.0;0;Basic;Quarterly;420.0;18;0
1392;45;Female;26.0;20;3.0;8;Standard;Quarterly;450.0;4;1
1393;69;Male;18.0;13;2.0;21;Basic;Monthly;880.0;15;1
1394;56;Male;19.0;12;1.0;10;Basic;Monthly;520.0;14;0
1395;29;Female;37.0;5;7.0;14;Premium;Quarterly;320.0;1;0
1396;48;;3.0;14;10.0;3;Premium;Quarterly;490.0;18;0
1397;50;Male;30.0;7;8.0;14;Basic;Quarterly;160.0;12;0
1398;51;Male;2.0;16;10.0;21;Basic;Monthly;240.0;26;0
1399;19;Male;3.0;26;7.0;17;Basic;Monthly;380.0;4;0
1400;33;Female;27.0;23;0.0;16;Standard;Monthly;300.0;25;1
1401;62;Female;46.0;14;4.0;27;Premium;Quarterly;420.0;1;1
1402;30;Female;54.0;29;9.0;7;Basic;Monthly;150.0;23;1
1403;33;Female;6.0;29;0.0;8;Basic;Monthly;660.0;23;1
1404;34;Female;15.0;13;1.0;18;Standard;Quarterly;200.0;12;0
1405;27;Female;26.0;23;10.0;14;Premium;Quarterly;290.0;9;1
1406;26;Male;36.0;10;0.0;29;Standard;Monthly;990.0;5;1
1407;36;Female;;26;;1;Premium;Annual;100.0;10;1
1408;63;Male;42.0;11;9.0;3;Standard;Quarterly;350.0;20;0
1409;18;Male;33.0;8;7.0;10;Basic;Quarterly;560.0;22;1
1410;32;Female;4.0;4;6.0;13;Standard;Quarterly;380.0;6;1
1411;21;Female;5.0;25;1.0;26;Premium;Monthly;390.0;1;1
1412;47;Female;10.0;9;4.0;14;Standard;Quarterly;210.0;17;1
1413;31;Male;41.0;24;9.0;13;Basic;Quarterly;480.0;17;1
1414;59;Male;21.0;3;10.0;5;Basic;Monthly;790.0;29;1
1415;48;Male;15.0;15;5.0;13;Standard;Quarterly;640.0;23;1
1416;58;Male;41.0;13;10.0;15;Standard;Monthly;950.0;16;1
1417;51;Male;50.0;13;9.0;17;Standard;Quarterly;740.0;18;1
1418;40;Male;27.0;5;0.0;18;Standard;Monthly;820.0;19;0
1419;62;Male;54.0;3;7.0;12;Standard;Monthly;490.0;14;1
1420;42;Female;45.0;11;7.0;4;Standard;Quarterly;660.0;20;0
1421;67;Male;44.0;14;6.0;4;Basic;Quarterly;630.0;6;0
1422;69;Male;53.0;24;9.0;4;Standard;Annual;840.0;25;0
1423;48;Female;12.0;14;10.0;18;Standard;Quarterly;560.0;25;1
1424;53;Male;47.0;8;6.0;25;Premium;Monthly;470.0;13;0
1425;31;Female;59.0;8;3.0;26;Premium;Quarterly;160.0;14;0
1426;60;Female;;18;;9;Standard;Annual;890.0;15;0
1427;52;Male;36.0;13;;2;Basic;Monthly;500.0;24;1
1428;64;Female;47.0;27;8.0;18;Basic;Annual;830.0;6;1
1429;31;Female;55.0;13;7.0;1;Basic;Quarterly;720.0;10;1
1430;58;Female;52.0;17;1.0;18;Basic;Monthly;100.0;18;0
1431;42;Female;55.0;2;4.0;11;Premium;Annual;690.0;21;0
1432;27;Female;51.0;6;2.0;25;Basic;Monthly;540.0;9;1
1433;26;Female;24.0;25;6.0;18;Basic;Quarterly;320.0;4;0
1434;47;Male;45.0;10;9.0;22;Standard;Monthly;340.0;15;1
1435;34;Female;26.0;13;2.0;12;Basic;Quarterly;680.0;19;1
1436;23;Female;49.0;18;;25;Premium;Monthly;170.0;23;1
1437;40;Female;50.0;2;1.0;15;Premium;Monthly;650.0;1;0
1438;51;Female;58.0;15;1.0;18;Premium;Quarterly;870.0;1;0
1439;34;Male;36.0;11;;10;Standard;Annual;170.0;12;1
1440;67;Female;29.0;5;1.0;13;Standard;Monthly;100.0;17;0
1441;58;;11.0;13;8.0;25;Standard;Quarterly;150.0;1;1
1442;44;Male;39.0;13;9.0;11;Basic;Annual;770.0;6;1
1443;66;Male;35.0;6;3.0;0;Standard;Monthly;870.0;13;0
1444;40;Male;32.0;16;0.0;11;Premium;Quarterly;1000.0;9;0
1445;25;Male;42.0;22;3.0;11;Basic;Annual;120.0;21;1
1446;19;Female;52.0;8;0.0;12;Basic;Annual;540.0;2;0
1447;66;Male;10.0;29;8.0;2;Standard;Monthly;140.0;26;1
1448;67;Male;27.0;18;10.0;3;Standard;Annual;440.0;5;1
1449;56;Female;45.0;23;;9;Premium;Annual;380.0;13;1
1450;23;Female;51.0;3;9.0;12;Premium;Quarterly;650.0;29;0
1451;33;Female;48.0;23;9.0;0;Premium;Quarterly;930.0;20;0
1452;20;Female;49.0;10;10.0;11;Standard;Annual;840.0;29;1
1453;20;Female;53.0;21;9.0;9;Premium;Annual;150.0;1;1
1454;30;Female;59.0;24;7.0;1;Basic;Annual;320.0;21;1
1455;47;Female;38.0;8;;7;Standard;Annual;350.0;3;1
1456;21;Male;16.0;8;3.0;8;Basic;Quarterly;330.0;18;1
1457;69;Female;35.0;2;4.0;4;Premium;Monthly;420.0;10;0
1458;41;Male;44.0;18;10.0;22;Standard;Monthly;650.0;23;0
1459;31;Male;7.0;23;3.0;2;Standard;Annual;780.0;4;1
1460;44;Male;47.0;12;3.0;17;Basic;Quarterly;960.0;27;0
1461;59;Female;34.0;5;1.0;19;Premium;Monthly;740.0;14;1
1462;34;Female;58.0;10;3.0;24;Standard;Monthly;370.0;16;0
1463;20;Male;13.0;12;7.0;16;Premium;Monthly;260.0;17;0
1464;20;Female;56.0;27;10.0;16;Standard;Quarterly;440.0;2;0
1465;62;Male;28.0;4;1.0;22;Basic;Quarterly;830.0;10;1
1466;23;Female;35.0;10;8.0;25;Standard;Quarterly;;21;1
1467;51;Female;41.0;19;9.0;6;Standard;Annual;460.0;28;0
1468;37;Female;36.0;7;10.0;23;Basic;Quarterly;260.0;29;0
1469;58;Female;56.0;26;9.0;13;Basic;Annual;100.0;16;0
1470;21;Male;11.0;27;1.0;2;Premium;Annual;170.0;8;0
1471;64;Male;45.0;12;5.0;18;Standard;Monthly;680.0;14;1
1472;54;Female;60.0;22;;29;Standard;Monthly;640.0;14;0
1473;41;Female;14.0;22;10.0;4;Standard;Annual;690.0;12;0
1474;28;Male;16.0;20;7.0;0;Premium;Quarterly;120.0;11;0
1475;68;Male;29.0;6;;27;Basic;Annual;500.0;26;1
1476;33;Male;45.0;2;8.0;17;Standard;Quarterly;260.0;12;1
1477;43;Male;59.0;11;0.0;6;Basic;Monthly;400.0;1;1
1478;38;Male;49.0;4;10.0;23;Basic;Annual;670.0;21;1
1479;29;Male;49.0;9;2.0;11;Basic;Annual;350.0;20;1
1480;39;Female;27.0;19;4.0;9;Standard;Quarterly;700.0;11;1
1481;25;Male;40.0;18;2.0;8;Standard;Quarterly;360.0;19;1
1482;18;Male;13.0;7;8.0;17;Standard;Monthly;560.0;28;1
1483;33;Male;29.0;1;0.0;4;Premium;Annual;520.0;27;0
1484;23;Male;12.0;7;7.0;10;Standard;Quarterly;450.0;23;1
1485;39;Female;2.0;14;10.0;9;Standard;Annual;210.0;17;1
1486;62;Male;53.0;23;9.0;1;Premium;Monthly;630.0;1;1
1487;26;Female;50.0;11;3.0;22;Standard;Annual;;15;0
1488;18;Female;32.0;9;10.0;0;Premium;Annual;690.0;24;0
1489;23;Male;1.0;16;4.0;28;Basic;Annual;780.0;25;1
1490;44;Female;6.0;3;8.0;2;Premium;Quarterly;830.0;23;0
1491;32;Female;7.0;7;6.0;10;Premium;Annual;130.0;29;0
1492;43;Male;44.0;2;0.0;2;Standard;Quarterly;820.0;15;0
1493;19;Male;13.0;16;0.0;11;Basic;Annual;320.0;4;1
1494;35;Female;16.0;13;2.0;18;Standard;Annual;710.0;15;1
1495;39;Female;53.0;17;;2;Premium;Annual;1000.0;10;1
1496;40;Male;54.0;18;;15;Standard;Annual;920.0;25;1
1497;46;Female;47.0;12;4.0;23;Basic;Monthly;480.0;23;1
1498;58;Male;19.0;26;;13;Basic;Annual;870.0;13;0
1499;42;Female;36.0;27;0.0;3;Standard;Annual;660.0;12;0
1500;61;Male;13.0;4;;20;Premium;Quarterly;220.0;5;0
1501;45;Male;53.0;27;2.0;5;Standard;Quarterly;320.0;2;1
1502;31;Female;6.0;6;0.0;0;Premium;Annual;980.0;10;0
1503;29;Female;46.0;8;9.0;13;Premium;Quarterly;940.0;7;0
1504;34;Female;32.0;16;4.0;8;Basic;Quarterly;920.0;8;1
1505;49;Male;47.0;1;3.0;0;Basic;Annual;450.0;29;1
1506;30;Male;28.0;11;9.0;23;Premium;Annual;390.0;20;0
1507;65;Female;10.0;6;3.0;17;Standard;Monthly;840.0;16;1
1508;42;Female;46.0;14;9.0;27;Premium;Annual;110.0;6;1
1509;62;Male;39.0;24;2.0;14;Premium;Monthly;920.0;25;1
1510;53;Female;29.0;27;1.0;13;Standard;Monthly;650.0;19;1
1511;35;Male;23.0;7;3.0;25;Basic;Annual;680.0;15;0
1512;29;Male;21.0;16;7.0;2;Premium;Monthly;500.0;14;0
1513;56;Male;30.0;14;2.0;10;Standard;Monthly;1000.0;17;0
1514;35;Male;16.0;13;1.0;23;Basic;Monthly;780.0;25;1
1515;30;Male;18.0;19;8.0;8;Standard;Quarterly;140.0;21;1
1516;66;Female;17.0;29;5.0;26;Basic;Monthly;580.0;15;1
1517;43;Male;1.0;12;5.0;8;Basic;Monthly;890.0;20;1
1518;20;Male;57.0;2;2.0;12;Standard;Quarterly;170.0;27;0
1519;43;Male;15.0;27;0.0;26;Standard;Monthly;770.0;10;0
1520;41;Male;11.0;28;0.0;7;Standard;Monthly;320.0;27;0
1521;62;Male;10.0;10;8.0;29;Premium;Annual;560.0;18;0
1522;55;Female;;15;0.0;1;Standard;Quarterly;910.0;6;1
1523;27;Male;30.0;26;2.0;7;Premium;Monthly;550.0;29;1
1524;25;Female;20.0;15;10.0;17;Premium;Monthly;130.0;20;0
1525;49;Female;25.0;14;4.0;17;Premium;Annual;110.0;12;1
1526;20;Male;6.0;27;8.0;27;Basic;Monthly;770.0;7;0
1527;34;Female;20.0;25;4.0;28;Premium;Monthly;950.0;27;1
1528;25;Female;16.0;15;;20;Basic;Quarterly;360.0;24;0
1529;19;Female;49.0;5;9.0;19;Standard;Annual;960.0;2;1
1530;65;Female;4.0;13;5.0;9;Standard;Quarterly;510.0;19;0
1531;22;Female;26.0;20;8.0;24;Basic;Annual;150.0;4;0
1532;18;Female;49.0;8;4.0;19;Basic;Quarterly;580.0;9;1
1533;66;Female;51.0;16;;0;Premium;Monthly;990.0;17;0
1534;27;Male;32.0;20;4.0;24;Premium;Annual;330.0;8;1
1535;60;Female;14.0;3;10.0;10;Basic;Annual;980.0;15;0
1536;19;Female;21.0;17;7.0;14;Standard;Annual;690.0;13;1
1537;25;Female;14.0;22;7.0;14;Basic;Monthly;460.0;17;0
1538;23;Male;41.0;7;4.0;24;Premium;Quarterly;730.0;24;1
1539;54;Male;18.0;16;9.0;8;Premium;Quarterly;460.0;5;1
1540;50;Male;39.0;21;8.0;11;Premium;Monthly;170.0;24;1
1541;42;Male;40.0;2;9.0;1;Standard;Annual;900.0;7;0
1542;30;Male;58.0;19;9.0;10;Basic;Monthly;440.0;1;1
1543;22;Male;23.0;8;1.0;2;Basic;Monthly;620.0;13;0
1544;47;Male;59.0;12;10.0;17;Basic;Annual;780.0;9;1
1545;29;Male;25.0;19;10.0;26;Premium;Quarterly;170.0;6;0
1546;48;Male;42.0;1;2.0;13;Basic;Annual;760.0;13;1
1547;53;Female;41.0;1;;27;Premium;Quarterly;430.0;26;1
1548;62;Male;50.0;13;6.0;29;Premium;Annual;600.0;17;0
1549;43;Male;29.0;28;3.0;1;Basic;Monthly;520.0;22;0
1550;18;Male;49.0;1;2.0;15;Premium;Annual;810.0;5;0
1551;32;Male;22.0;23;4.0;15;Premium;Monthly;270.0;3;1
1552;62;Male;30.0;3;0.0;11;Standard;Monthly;190.0;10;0
1553;45;Female;31.0;15;8.0;24;Standard;Quarterly;470.0;23;1
1554;50;Female;43.0;13;8.0;11;Basic;Quarterly;200.0;26;1
1555;41;Male;38.0;14;8.0;1;Standard;Monthly;320.0;3;1
1556;26;Female;5.0;3;6.0;16;Premium;Annual;700.0;14;0
1557;64;Male;50.0;22;4.0;6;Standard;Monthly;850.0;12;0
1558;58;Male;47.0;8;8.0;10;Basic;Annual;730.0;22;0
1559;69;Male;7.0;23;10.0;15;Standard;Monthly;390.0;6;1
1560;62;Male;59.0;20;1.0;21;Premium;Monthly;840.0;15;0
1561;33;Female;41.0;16;4.0;8;Basic;Monthly;470.0;25;0
1562;31;Female;6.0;9;;11;Premium;Quarterly;260.0;14;0
1563;30;Female;30.0;19;10.0;2;Basic;Quarterly;790.0;23;1
1564;65;Male;52.0;29;;11;Basic;Monthly;570.0;19;1
1565;46;Female;18.0;27;2.0;17;Standard;Quarterly;440.0;18;0
1566;41;Male;57.0;27;5.0;18;Standard;Annual;700.0;8;0
1567;68;Male;26.0;7;1.0;8;Premium;Monthly;760.0;29;0
1568;49;Male;14.0;17;10.0;1;Basic;Monthly;300.0;8;0
1569;65;Female;22.0;12;6.0;17;Basic;Quarterly;200.0;27;1
1570;69;;33.0;29;2.0;19;Standard;Annual;570.0;29;1
1571;22;Male;42.0;28;1.0;2;Premium;Monthly;140.0;15;1
1572;36;Female;57.0;26;8.0;15;Premium;Monthly;680.0;26;1
1573;56;Female;12.0;5;9.0;2;Standard;Monthly;500.0;21;1
1574;60;Female;59.0;10;10.0;13;Premium;Quarterly;290.0;22;0
1575;25;Male;33.0;21;;19;Premium;Monthly;650.0;2;1
1576;34;Female;8.0;22;9.0;21;Premium;Quarterly;440.0;4;0
1577;46;Female;57.0;11;9.0;21;Premium;Quarterly;450.0;3;0
1578;59;Female;22.0;4;9.0;22;Standard;Monthly;290.0;1;1
1579;23;Male;38.0;4;;7;Premium;Annual;720.0;25;0
1580;49;Female;43.0;20;5.0;25;Basic;Annual;930.0;6;1
1581;33;Male;1.0;14;9.0;10;Standard;Annual;660.0;1;0
1582;29;Female;14.0;15;9.0;11;Premium;Annual;310.0;28;0
1583;44;Male;42.0;24;1.0;23;Basic;Monthly;860.0;9;1
1584;39;Male;20.0;1;8.0;9;Standard;Annual;210.0;24;1
1585;51;Male;1.0;22;4.0;2;Premium;Monthly;360.0;28;1
1586;34;Male;2.0;8;1.0;21;Basic;Monthly;130.0;16;0
1587;60;Male;51.0;28;2.0;19;Premium;Quarterly;880.0;27;0
1588;22;Male;10.0;28;1.0;17;Standard;Annual;140.0;29;1
1589;62;Male;7.0;15;10.0;4;Premium;Quarterly;600.0;5;1
1590;19;Male;35.0;10;9.0;18;Standard;Quarterly;270.0;5;1
1591;56;Female;8.0;7;1.0;5;Basic;Quarterly;290.0;11;1
1592;36;Female;40.0;6;7.0;16;Premium;Quarterly;650.0;17;1
1593;37;Female;34.0;29;7.0;15;Basic;Quarterly;830.0;23;1
1594;18;Male;40.0;6;6.0;23;Basic;Quarterly;110.0;6;0
1595;54;Male;30.0;13;7.0;29;Premium;Quarterly;240.0;6;1
1596;26;Female;48.0;14;10.0;5;Premium;Quarterly;360.0;9;1
1597;52;Male;40.0;20;6.0;3;Basic;Monthly;960.0;8;1
1598;55;Male;26.0;25;7.0;16;Standard;Monthly;150.0;28;0
1599;61;Female;1.0;17;6.0;28;Basic;Monthly;260.0;12;1
1600;54;Female;17.0;22;4.0;4;Basic;Quarterly;470.0;26;0
1601;33;Male;9.0;17;10.0;14;Premium;Monthly;390.0;2;1
1602;56;Female;1.0;13;4.0;12;Basic;Monthly;140.0;3;1
1603;60;Male;17.0;5;9.0;9;Standard;Annual;590.0;24;1
1604;34;Female;13.0;7;7.0;19;Premium;Monthly;650.0;8;0
1605;24;Male;5.0;13;8.0;8;Premium;Annual;260.0;3;0
1606;64;Male;20.0;2;9.0;14;Standard;Monthly;730.0;18;1
1607;25;Female;31.0;10;8.0;25;Premium;Annual;150.0;5;1
1608;48;Male;11.0;14;6.0;11;Standard;Monthly;770.0;2;1
1609;30;Female;17.0;14;7.0;0;Basic;Quarterly;330.0;12;0
1610;24;Male;2.0;24;6.0;26;Basic;Annual;300.0;16;1
1611;58;Female;4.0;29;4.0;8;Premium;Monthly;280.0;16;1
1612;25;Female;10.0;22;8.0;23;Premium;Quarterly;890.0;17;0
1613;52;Male;28.0;3;10.0;22;Standard;Annual;560.0;1;0
1614;54;Female;41.0;12;8.0;15;Premium;Monthly;730.0;9;1
1615;21;Male;49.0;22;9.0;2;Premium;Monthly;280.0;10;0
1616;26;Male;39.0;18;9.0;28;Standard;Annual;150.0;9;1
1617;59;Male;38.0;14;4.0;20;Basic;Monthly;130.0;17;1
1618;44;Female;58.0;13;0.0;12;Premium;Annual;500.0;7;1
1619;24;Female;16.0;12;4.0;25;Premium;Annual;400.0;19;0
1620;69;Female;49.0;17;9.0;23;Basic;Annual;800.0;28;1
1621;31;Female;58.0;6;9.0;22;Premium;Annual;820.0;20;1
1622;18;Female;35.0;16;6.0;5;Basic;Annual;380.0;12;1
1623;66;Male;52.0;6;9.0;18;Premium;Quarterly;490.0;13;1
1624;18;Female;9.0;20;0.0;8;Standard;Annual;450.0;17;1
1625;46;Female;54.0;26;7.0;2;Premium;Quarterly;720.0;21;1
1626;69;Male;35.0;15;8.0;10;Premium;Quarterly;670.0;9;1
1627;48;Female;14.0;12;6.0;3;Standard;Monthly;690.0;2;1
1628;48;Male;4.0;28;8.0;3;Basic;Annual;150.0;21;0
1629;38;Male;44.0;20;5.0;21;Premium;Quarterly;410.0;20;0
1630;24;Male;27.0;13;6.0;15;Standard;Annual;980.0;3;1
1631;47;Male;19.0;1;7.0;11;Standard;Quarterly;410.0;19;0
1632;64;Male;24.0;1;9.0;5;Basic;Monthly;260.0;3;1
1633;22;Female;;7;2.0;23;Basic;Quarterly;280.0;19;1
1634;63;Female;27.0;7;3.0;19;Standard;Annual;120.0;22;0
1635;39;Male;5.0;21;5.0;17;Standard;Quarterly;810.0;1;0
1636;45;Male;18.0;15;2.0;5;Standard;Annual;100.0;22;1
1637;26;Male;9.0;29;4.0;3;Standard;Monthly;640.0;4;0
1638;50;Male;42.0;16;4.0;3;Premium;Annual;460.0;8;1
1639;27;Female;49.0;27;3.0;0;Premium;Annual;180.0;21;1
1640;32;Male;52.0;17;4.0;29;Standard;Annual;910.0;11;1
1641;55;Female;39.0;11;6.0;11;Premium;Monthly;780.0;29;1
1642;20;Female;47.0;21;8.0;19;Standard;Quarterly;850.0;28;1
1643;41;Female;26.0;14;3.0;29;Standard;Monthly;960.0;29;0
1644;48;Female;39.0;8;10.0;28;Standard;Quarterly;930.0;4;0
1645;24;Male;7.0;14;5.0;9;Premium;Annual;740.0;6;0
1646;33;Female;33.0;20;8.0;14;Basic;Quarterly;590.0;6;1
1647;35;Female;35.0;11;1.0;13;Standard;Annual;740.0;17;0
1648;52;Female;2.0;21;2.0;1;Basic;Annual;510.0;13;0
1649;68;Female;34.0;29;5.0;23;Standard;Annual;260.0;22;0
1650;61;Female;45.0;12;4.0;17;Premium;Annual;450.0;9;0
1651;27;;23.0;9;5.0;11;Standard;Quarterly;520.0;6;0
1652;18;Male;34.0;12;1.0;16;Basic;Annual;140.0;19;1
1653;20;Female;18.0;25;5.0;22;Premium;Monthly;870.0;18;0
1654;48;Female;17.0;6;8.0;0;Premium;Annual;930.0;21;1
1655;26;Male;8.0;29;8.0;19;Standard;Quarterly;480.0;10;0
1656;30;Female;20.0;13;2.0;25;Basic;Annual;550.0;16;1
1657;62;Male;49.0;25;4.0;21;Standard;Quarterly;870.0;27;0
1658;63;Female;58.0;23;6.0;18;Premium;Monthly;510.0;18;1
1659;61;Male;39.0;23;6.0;2;Standard;Annual;730.0;28;1
1660;31;Male;39.0;27;9.0;22;Basic;Annual;570.0;13;0
1661;50;Female;38.0;6;4.0;22;Basic;Monthly;340.0;2;1
1662;49;Male;30.0;18;8.0;14;Premium;Monthly;830.0;23;0
1663;27;Male;26.0;3;10.0;17;Standard;Quarterly;270.0;14;1
1664;46;Male;38.0;9;3.0;18;Premium;Quarterly;300.0;2;1
1665;45;Male;48.0;2;9.0;3;Standard;Quarterly;730.0;5;0
1666;38;Female;26.0;20;3.0;7;Basic;Monthly;750.0;10;0
1667;57;Female;35.0;18;4.0;23;Standard;Quarterly;970.0;6;0
1668;53;Male;29.0;22;7.0;29;Premium;Quarterly;750.0;20;1
1669;45;Female;18.0;6;7.0;8;Standard;Annual;120.0;18;0
1670;55;Male;18.0;10;6.0;12;Standard;Quarterly;880.0;10;1
1671;57;Female;5.0;20;2.0;27;Standard;Quarterly;480.0;3;0
1672;47;Male;27.0;24;1.0;4;Standard;Monthly;100.0;3;1
1673;31;Male;44.0;26;10.0;7;Basic;Quarterly;630.0;28;0
1674;57;Male;42.0;3;10.0;1;Basic;Quarterly;250.0;11;1
1675;55;Female;;12;10.0;7;Basic;Monthly;480.0;4;0
1676;69;Male;3.0;1;6.0;19;Premium;Annual;530.0;21;0
1677;25;Male;47.0;24;10.0;10;Standard;Annual;160.0;26;0
1678;39;Female;49.0;4;5.0;29;Premium;Monthly;880.0;4;1
1679;66;Female;27.0;24;0.0;26;Basic;Quarterly;560.0;28;0
1680;44;Male;18.0;5;2.0;26;Basic;Annual;980.0;22;1
1681;67;Female;22.0;1;3.0;21;Premium;Monthly;520.0;8;1
1682;18;Female;42.0;26;4.0;21;Premium;Monthly;640.0;23;0
1683;19;Male;53.0;13;;15;Standard;Quarterly;840.0;13;0
1684;59;Female;40.0;13;3.0;29;Basic;Monthly;290.0;19;0
1685;36;Male;32.0;19;7.0;2;Premium;Quarterly;930.0;4;0
1686;45;Female;40.0;8;3.0;21;Basic;Monthly;260.0;8;1
1687;40;Male;5.0;21;7.0;4;Standard;Annual;;23;1
1688;39;Female;38.0;13;6.0;10;Standard;Quarterly;680.0;24;0
1689;66;Male;3.0;8;1.0;7;Premium;Monthly;570.0;1;0
1690;22;Male;59.0;12;5.0;18;Basic;Annual;290.0;7;1
1691;58;Female;55.0;1;1.0;23;Basic;Monthly;620.0;18;0
1692;64;Male;32.0;9;10.0;2;Basic;Quarterly;600.0;27;1
1693;52;Female;23.0;18;8.0;18;Basic;Annual;1000.0;20;1
1694;38;Female;45.0;4;;6;Standard;Annual;860.0;21;0
1695;26;Female;39.0;4;10.0;2;Premium;Monthly;540.0;12;1
1696;53;Male;44.0;20;2.0;12;Basic;Quarterly;450.0;2;1
1697;42;Female;32.0;13;8.0;17;Standard;Annual;450.0;23;1
1698;25;Male;15.0;4;1.0;6;Basic;Annual;440.0;24;1
1699;36;Male;5.0;22;;11;Basic;Monthly;110.0;13;1
1700;68;Female;18.0;23;9.0;28;Premium;Annual;130.0;15;1
1701;31;Female;33.0;2;8.0;10;Basic;Monthly;790.0;7;1
1702;27;Male;26.0;6;;29;Standard;Quarterly;330.0;14;1
1703;53;Male;31.0;11;10.0;25;Premium;Monthly;470.0;8;1
1704;28;Female;17.0;22;10.0;11;Premium;Monthly;740.0;13;1
1705;65;Female;58.0;3;1.0;17;Basic;Monthly;650.0;4;0
1706;62;Male;23.0;24;0.0;21;Standard;Monthly;430.0;18;1
1707;69;Female;52.0;10;;13;Premium;Annual;790.0;8;0
1708;65;Male;24.0;4;3.0;12;Standard;Quarterly;240.0;22;0
1709;30;Male;28.0;26;5.0;9;Basic;Quarterly;530.0;16;0
1710;29;Female;37.0;3;0.0;4;Basic;Quarterly;190.0;26;0
1711;35;Female;17.0;4;7.0;0;Premium;Quarterly;580.0;7;1
1712;42;Male;14.0;28;9.0;10;Premium;Monthly;180.0;8;0
1713;63;Male;24.0;16;10.0;23;Basic;Monthly;960.0;8;1
1714;56;Male;50.0;14;6.0;7;Basic;Annual;700.0;19;1
1715;51;Female;9.0;20;7.0;5;Basic;Monthly;320.0;4;0
1716;63;Male;27.0;19;6.0;9;Basic;Annual;660.0;20;0
1717;51;Male;41.0;18;5.0;17;Premium;Annual;420.0;24;1
1718;37;;44.0;1;6.0;6;Premium;Monthly;570.0;20;1
1719;39;Male;27.0;17;;6;Basic;Monthly;250.0;4;0
1720;44;Female;5.0;9;3.0;3;Premium;Monthly;560.0;15;0
1721;22;Male;1.0;24;5.0;9;Premium;Quarterly;190.0;16;0
1722;56;Female;29.0;15;7.0;6;Standard;Monthly;240.0;12;0
1723;51;Male;50.0;4;6.0;24;Premium;Annual;630.0;14;0
1724;56;Male;2.0;26;0.0;27;Basic;Quarterly;560.0;23;1
1725;45;Male;55.0;9;3.0;11;Premium;Annual;370.0;25;0
1726;58;Female;42.0;8;7.0;2;Basic;Annual;150.0;9;0
1727;67;Female;1.0;28;8.0;2;Premium;Quarterly;480.0;10;1
1728;47;Male;21.0;23;8.0;9;Standard;Quarterly;950.0;7;1
1729;41;Male;14.0;25;;13;Basic;Monthly;750.0;12;0
1730;23;Female;58.0;20;8.0;15;Premium;Monthly;150.0;16;1
1731;58;Male;34.0;27;6.0;9;Premium;Quarterly;960.0;21;1
1732;65;Male;20.0;4;3.0;10;Standard;Quarterly;480.0;8;0
1733;54;Female;17.0;18;4.0;8;Basic;Quarterly;620.0;7;0
1734;63;Male;35.0;9;9.0;15;Basic;Monthly;100.0;1;1
1735;62;Male;1.0;12;5.0;20;Premium;Annual;380.0;3;1
1736;59;Male;16.0;7;8.0;1;Basic;Quarterly;820.0;2;1
1737;44;Male;11.0;6;1.0;14;Premium;Quarterly;400.0;7;0
1738;23;Male;38.0;13;1.0;19;Standard;Quarterly;250.0;21;1
1739;18;Female;41.0;27;2.0;20;Premium;Quarterly;180.0;23;0
1740;28;Female;29.0;19;2.0;16;Premium;Quarterly;950.0;29;1
1741;40;Male;9.0;11;7.0;15;Premium;Annual;840.0;16;1
1742;56;Female;23.0;13;7.0;20;Basic;Quarterly;140.0;14;0
1743;41;Male;52.0;16;6.0;11;Premium;Monthly;950.0;27;0
1744;19;Female;13.0;8;3.0;17;Basic;Annual;850.0;5;1
1745;28;Male;10.0;16;6.0;9;Premium;Monthly;430.0;19;1
1746;68;Female;7.0;21;1.0;13;Basic;Monthly;700.0;24;0
1747;69;Male;50.0;8;5.0;3;Premium;Monthly;330.0;15;1
1748;37;Male;8.0;17;1.0;10;Basic;Annual;320.0;8;0
1749;59;Male;36.0;21;0.0;4;Standard;Quarterly;750.0;19;0
1750;55;Male;;16;1.0;6;Standard;Monthly;280.0;29;0
1751;66;Male;40.0;9;1.0;12;Premium;Annual;420.0;7;1
1752;64;Female;26.0;17;5.0;15;Basic;Monthly;420.0;17;0
1753;50;Female;13.0;24;6.0;28;Basic;Annual;230.0;2;1
1754;38;Male;1.0;7;7.0;0;Standard;Annual;860.0;7;0
1755;50;Female;10.0;17;5.0;26;Basic;Monthly;710.0;23;1
1756;34;Female;59.0;20;2.0;9;Premium;Annual;890.0;15;1
1757;36;Female;9.0;10;0.0;21;Basic;Quarterly;580.0;6;0
1758;49;Female;2.0;12;8.0;20;Premium;Monthly;260.0;10;0
1759;47;Female;50.0;26;;29;Standard;Quarterly;350.0;4;0
1760;48;Male;26.0;11;3.0;3;Premium;Quarterly;420.0;23;0
1761;38;Female;22.0;18;2.0;29;Basic;Monthly;960.0;28;1
1762;39;Female;44.0;5;3.0;1;Basic;Annual;310.0;4;1
1763;18;Male;32.0;27;2.0;26;Standard;Monthly;730.0;7;0
1764;49;Male;56.0;18;2.0;19;Basic;Annual;210.0;25;1
1765;47;Male;29.0;23;5.0;14;Basic;Annual;970.0;26;1
1766;66;Female;44.0;18;9.0;11;Basic;Quarterly;690.0;23;0
1767;44;Male;54.0;11;8.0;2;Premium;Monthly;490.0;21;0
1768;42;Female;29.0;10;;24;Premium;Monthly;410.0;25;0
1769;21;Female;18.0;21;4.0;21;Basic;Monthly;420.0;11;1
1770;28;;60.0;25;5.0;28;Basic;Quarterly;300.0;26;0
1771;35;Male;14.0;4;4.0;21;Standard;Annual;650.0;26;1
1772;37;Female;3.0;25;0.0;28;Standard;Monthly;890.0;7;0
1773;36;Female;36.0;25;4.0;26;Premium;Annual;320.0;3;1
1774;38;Male;;4;3.0;12;Basic;Monthly;780.0;16;0
1775;57;Female;6.0;4;5.0;21;Standard;Monthly;620.0;22;1
1776;24;Male;52.0;21;1.0;7;Basic;Quarterly;810.0;25;0
1777;35;Female;51.0;25;8.0;23;Basic;Annual;800.0;5;0
1778;26;Male;57.0;12;10.0;18;Premium;Annual;130.0;11;0
1779;34;Male;26.0;19;;13;Standard;Quarterly;110.0;23;1
1780;53;Male;16.0;29;1.0;18;Standard;Monthly;940.0;2;1
1781;20;Male;32.0;10;1.0;8;Basic;Monthly;240.0;21;0
1782;35;Male;9.0;7;;18;Standard;Annual;620.0;9;1
1783;19;Female;52.0;29;10.0;14;Standard;Monthly;790.0;1;1
1784;67;Male;41.0;9;7.0;9;Premium;Annual;560.0;8;1
1785;55;Male;30.0;14;3.0;29;Standard;Annual;100.0;22;1
1786;30;Female;32.0;13;6.0;1;Basic;Annual;100.0;26;0
1787;28;Female;44.0;16;6.0;22;Premium;Monthly;710.0;3;1
1788;23;Male;32.0;8;10.0;6;Basic;Monthly;920.0;14;1
1789;42;Female;52.0;20;6.0;6;Premium;Monthly;410.0;6;1
1790;57;Male;57.0;21;0.0;4;Standard;Quarterly;600.0;20;0
1791;48;Female;58.0;6;8.0;3;Premium;Quarterly;950.0;23;1
1792;63;Male;38.0;14;9.0;3;Standard;Monthly;850.0;28;0
1793;35;Female;46.0;2;3.0;24;Standard;Quarterly;590.0;11;1
1794;32;Female;19.0;7;1.0;27;Standard;Monthly;700.0;9;0
1795;42;Female;3.0;29;1.0;17;Basic;Quarterly;980.0;9;0
1796;28;Female;25.0;15;10.0;0;Basic;Monthly;830.0;23;1
1797;68;Female;54.0;19;5.0;25;Premium;Annual;480.0;13;1
1798;27;Male;9.0;26;6.0;18;Premium;Monthly;730.0;1;0
1799;42;Female;34.0;21;;15;Premium;Annual;400.0;28;1
1800;45;Female;12.0;23;0.0;28;Basic;Monthly;940.0;4;1
1801;20;;27.0;21;2.0;12;Standard;Monthly;180.0;27;1
1802;42;Male;9.0;15;9.0;10;Standard;Monthly;300.0;5;1
1803;41;Male;45.0;19;6.0;23;Premium;Quarterly;410.0;16;0
1804;31;Female;50.0;9;0.0;15;Standard;Annual;280.0;10;0
1805;24;Male;47.0;26;8.0;21;Premium;Monthly;640.0;20;1
1806;20;Male;43.0;6;1.0;20;Premium;Annual;750.0;12;0
1807;18;Male;15.0;26;9.0;25;Standard;Annual;910.0;11;1
1808;43;Female;33.0;26;9.0;9;Standard;Quarterly;560.0;14;1
1809;22;Male;7.0;5;9.0;2;Standard;Quarterly;670.0;29;1
1810;67;Male;23.0;21;5.0;14;Premium;Annual;650.0;8;0
1811;30;Male;31.0;29;3.0;19;Standard;Annual;100.0;7;1
1812;51;Female;41.0;17;10.0;24;Basic;Monthly;750.0;2;1
1813;53;Female;6.0;10;6.0;8;Standard;Annual;120.0;22;0
1814;43;Male;50.0;26;7.0;22;Standard;Quarterly;600.0;20;0
1815;63;Male;28.0;15;1.0;24;Premium;Monthly;;18;0
1816;23;Female;54.0;4;7.0;24;Premium;Annual;820.0;1;0
1817;30;Male;33.0;8;6.0;24;Basic;Annual;560.0;23;1
1818;31;Female;34.0;20;3.0;29;Standard;Quarterly;390.0;24;1
1819;25;Male;43.0;14;9.0;19;Basic;Annual;870.0;28;0
1820;33;Female;51.0;7;1.0;11;Standard;Monthly;890.0;27;1
1821;34;Male;10.0;24;8.0;13;Premium;Annual;430.0;8;0
1822;57;Female;32.0;4;;22;Premium;Quarterly;190.0;21;0
1823;33;Male;2.0;7;6.0;7;Basic;Monthly;630.0;12;0
1824;63;Female;29.0;14;1.0;18;Basic;Quarterly;680.0;18;1
1825;58;Female;50.0;2;6.0;17;Premium;Monthly;950.0;10;1
1826;64;Female;53.0;12;6.0;19;Standard;Quarterly;910.0;20;1
1827;23;Male;18.0;27;6.0;12;Standard;Annual;310.0;28;1
1828;69;Male;24.0;28;3.0;22;Premium;Quarterly;330.0;19;0
1829;49;Female;34.0;26;7.0;2;Premium;Annual;;27;1
1830;69;Female;25.0;10;3.0;22;Premium;Quarterly;400.0;28;0
1831;36;Male;11.0;2;6.0;24;Premium;Annual;520.0;4;0
1832;67;Male;19.0;24;7.0;26;Premium;Monthly;380.0;28;1
1833;48;Male;25.0;11;7.0;27;Premium;Annual;460.0;24;0
1834;21;Female;32.0;22;9.0;10;Premium;Quarterly;610.0;13;0
1835;39;Female;57.0;4;10.0;1;Standard;Annual;360.0;18;0
1836;25;Female;34.0;20;9.0;19;Basic;Monthly;470.0;18;0
1837;66;Female;24.0;18;9.0;2;Premium;Monthly;420.0;23;1
1838;33;Male;41.0;27;10.0;8;Premium;Annual;190.0;24;0
1839;29;Male;48.0;3;2.0;21;Basic;Annual;820.0;3;1
1840;46;Male;27.0;12;3.0;17;Standard;Annual;910.0;1;1
1841;40;Female;30.0;29;6.0;18;Standard;Quarterly;550.0;8;1
1842;23;Male;14.0;12;5.0;22;Standard;Quarterly;280.0;16;0
1843;60;Male;53.0;20;8.0;4;Premium;Quarterly;690.0;25;1
1844;61;Male;53.0;5;0.0;23;Standard;Annual;590.0;19;0
1845;56;Male;11.0;22;1.0;17;Premium;Monthly;600.0;4;0
1846;50;Female;22.0;8;8.0;12;Premium;Monthly;640.0;21;1
1847;38;Male;17.0;17;9.0;13;Premium;Monthly;760.0;14;0
1848;46;Male;57.0;26;3.0;15;Standard;Quarterly;130.0;11;1
1849;45;Female;4.0;20;3.0;16;Basic;Annual;190.0;23;0
1850;26;Male;13.0;14;6.0;10;Premium;Quarterly;180.0;9;1
1851;22;Male;20.0;6;5.0;6;Basic;Quarterly;240.0;18;1
1852;31;Male;35.0;10;2.0;5;Basic;Quarterly;990.0;6;1
1853;41;Female;16.0;25;6.0;10;Basic;Monthly;770.0;12;0
1854;26;Male;33.0;7;9.0;7;Basic;Annual;710.0;17;0
1855;23;Female;46.0;20;8.0;15;Premium;Annual;740.0;19;1
1856;62;Female;51.0;15;9.0;27;Standard;Annual;130.0;27;1
1857;37;Female;7.0;10;7.0;3;Basic;Annual;290.0;9;0
1858;48;Male;9.0;21;10.0;9;Basic;Quarterly;830.0;26;0
1859;45;Female;6.0;11;2.0;1;Basic;Annual;520.0;24;1
1860;56;Male;56.0;9;0.0;29;Premium;Quarterly;560.0;11;1
1861;56;Male;40.0;16;1.0;21;Premium;Annual;790.0;5;1
1862;33;Male;33.0;22;;7;Basic;Quarterly;160.0;8;1
1863;62;Male;49.0;26;7.0;12;Basic;Annual;830.0;20;0
1864;37;Male;36.0;19;2.0;21;Standard;Monthly;720.0;23;0
1865;61;Male;15.0;20;10.0;28;Premium;Monthly;470.0;18;1
1866;39;Male;32.0;23;3.0;17;Basic;Monthly;550.0;22;1
1867;23;Male;43.0;8;7.0;8;Premium;Quarterly;160.0;3;0
1868;57;Female;3.0;8;2.0;20;Basic;Annual;280.0;15;1
1869;19;Female;37.0;15;1.0;20;Basic;Quarterly;320.0;26;0
1870;58;Male;31.0;19;3.0;19;Standard;Annual;900.0;12;0
1871;20;Female;5.0;19;2.0;1;Basic;Quarterly;200.0;27;1
1872;28;Male;17.0;5;6.0;21;Basic;Annual;360.0;4;0
1873;49;Male;28.0;23;0.0;0;Basic;Annual;220.0;29;0
1874;66;Male;21.0;11;2.0;27;Basic;Monthly;360.0;23;1
1875;39;Male;18.0;26;6.0;26;Premium;Annual;100.0;19;0
1876;24;Male;40.0;22;4.0;16;Basic;Monthly;350.0;18;0
1877;30;Male;25.0;29;7.0;19;Basic;Quarterly;760.0;28;1
1878;64;Male;31.0;19;7.0;2;Basic;Quarterly;800.0;11;0
1879;55;Male;49.0;16;;26;Basic;Monthly;440.0;5;1
1880;23;Male;6.0;6;10.0;8;Standard;Annual;740.0;27;0
1881;38;Male;22.0;12;2.0;7;Premium;Quarterly;660.0;3;0
1882;31;Male;5.0;25;8.0;21;Basic;Monthly;930.0;20;1
1883;27;Male;57.0;12;7.0;28;Premium;Monthly;840.0;8;0
1884;62;Male;12.0;2;7.0;14;Standard;Monthly;310.0;27;1
1885;50;Male;51.0;8;9.0;15;Basic;Monthly;640.0;29;1
1886;27;Male;12.0;18;1.0;16;Premium;Monthly;820.0;14;1
1887;51;Male;20.0;19;4.0;8;Basic;Monthly;380.0;16;0
1888;39;Female;38.0;29;9.0;17;Standard;Annual;620.0;14;0
1889;21;Male;51.0;28;10.0;28;Standard;Annual;460.0;13;1
1890;41;Male;11.0;16;0.0;11;Standard;Annual;380.0;28;1
1891;27;Male;14.0;17;5.0;23;Basic;Quarterly;280.0;9;1
1892;30;Female;54.0;24;3.0;23;Basic;Annual;130.0;28;1
1893;63;Female;20.0;2;2.0;25;Premium;Annual;780.0;19;0
1894;54;Female;13.0;18;0.0;21;Premium;Monthly;850.0;28;0
1895;24;Female;46.0;14;6.0;27;Basic;Annual;690.0;18;1
1896;62;Male;6.0;23;8.0;21;Standard;Annual;320.0;24;1
1897;47;Female;53.0;24;6.0;29;Premium;Quarterly;110.0;15;0
1898;63;Male;54.0;20;4.0;21;Basic;Quarterly;680.0;14;1
1899;56;Female;53.0;20;9.0;25;Standard;Quarterly;280.0;8;1
1900;35;Male;19.0;21;7.0;26;Premium;Monthly;600.0;7;0
1901;45;Male;7.0;17;10.0;29;Premium;Monthly;990.0;2;0
1902;45;Female;26.0;7;4.0;17;Standard;Monthly;100.0;12;1
1903;55;Male;21.0;9;2.0;21;Premium;Monthly;630.0;29;1
1904;30;;59.0;22;5.0;29;Standard;Quarterly;;28;1
1905;35;Male;39.0;18;6.0;11;Basic;Quarterly;400.0;21;0
1906;30;Female;58.0;7;5.0;3;Premium;Monthly;840.0;11;1
1907;33;Female;46.0;26;9.0;26;Basic;Monthly;860.0;16;1
1908;26;Male;44.0;29;0.0;18;Basic;Annual;540.0;22;1
1909;19;Female;7.0;19;6.0;12;Standard;Annual;380.0;1;0
1910;66;Female;5.0;7;5.0;21;Premium;Quarterly;720.0;27;0
1911;21;Female;3.0;28;2.0;0;Premium;Annual;660.0;26;1
1912;64;Male;37.0;7;7.0;14;Premium;Quarterly;530.0;29;0
1913;18;Male;13.0;13;9.0;7;Standard;Monthly;270.0;3;0
1914;58;Female;;25;6.0;8;Standard;Annual;780.0;28;1
1915;35;Male;9.0;16;1.0;29;Standard;Annual;290.0;18;0
1916;44;Male;58.0;8;0.0;16;Basic;Quarterly;220.0;17;1
1917;32;Male;41.0;3;5.0;4;Standard;Quarterly;160.0;6;1
1918;43;Female;7.0;11;8.0;10;Basic;Monthly;510.0;15;1
1919;41;Male;4.0;20;3.0;7;Basic;Quarterly;210.0;11;0
1920;45;Female;25.0;21;3.0;27;Premium;Quarterly;400.0;29;1
1921;38;;21.0;7;10.0;8;Premium;Quarterly;320.0;10;1
1922;45;Male;20.0;5;0.0;10;Basic;Monthly;520.0;7;1
1923;60;Male;33.0;21;0.0;10;Basic;Annual;810.0;28;0
1924;40;Female;8.0;5;1.0;5;Basic;Quarterly;510.0;6;0
1925;36;Male;8.0;2;;23;Basic;Monthly;610.0;27;1
1926;24;Female;43.0;15;5.0;17;Premium;Annual;230.0;28;0
1927;36;Female;;17;1.0;13;Premium;Quarterly;200.0;9;1
1928;24;Female;17.0;8;3.0;11;Premium;Quarterly;990.0;20;0
1929;27;Male;57.0;7;;20;Standard;Quarterly;670.0;24;0
1930;67;Female;22.0;7;8.0;2;Basic;Quarterly;110.0;16;1
1931;22;Female;21.0;10;2.0;27;Basic;Monthly;610.0;21;1
1932;43;Male;6.0;1;2.0;16;Premium;Monthly;100.0;4;1
1933;61;Female;26.0;1;0.0;6;Premium;Annual;170.0;15;1
1934;67;Female;31.0;11;9.0;16;Standard;Quarterly;440.0;15;1
1935;25;Female;41.0;1;1.0;25;Standard;Quarterly;700.0;17;1
1936;26;Male;10.0;10;3.0;5;Premium;Monthly;670.0;28;0
1937;37;Male;12.0;17;4.0;15;Premium;Annual;820.0;24;0
1938;46;Male;27.0;1;7.0;17;Basic;Annual;260.0;18;0
1939;67;Male;5.0;18;7.0;24;Standard;Annual;270.0;12;1
1940;28;Male;9.0;19;9.0;17;Basic;Quarterly;590.0;12;0
1941;26;Female;39.0;17;3.0;22;Standard;Quarterly;890.0;1;1
1942;31;Male;59.0;19;4.0;23;Standard;Annual;760.0;16;0
1943;63;Female;35.0;24;4.0;26;Basic;Annual;710.0;8;1
1944;19;Male;9.0;3;0.0;10;Basic;Quarterly;180.0;26;1
1945;37;Male;;5;8.0;21;Standard;Annual;900.0;23;1
1946;24;Male;32.0;10;6.0;7;Standard;Annual;1000.0;27;1
1947;26;Male;44.0;20;5.0;25;Premium;Annual;630.0;29;0
1948;65;Female;13.0;26;;28;Basic;Monthly;400.0;12;1
1949;18;Female;36.0;27;2.0;8;Basic;Monthly;700.0;13;0
1950;34;Female;5.0;17;;16;Premium;Monthly;690.0;18;1
1951;65;Male;39.0;12;8.0;24;Premium;Annual;950.0;13;0
1952;49;Female;13.0;12;2.0;0;Premium;Monthly;200.0;9;0
1953;21;Male;56.0;2;8.0;21;Premium;Monthly;570.0;21;0
1954;42;Female;4.0;14;9.0;24;Premium;Monthly;750.0;14;1
1955;68;Male;40.0;15;4.0;26;Standard;Monthly;420.0;28;1
1956;38;Male;9.0;7;4.0;5;Premium;Annual;870.0;7;0
1957;45;Male;42.0;23;10.0;22;Standard;Annual;150.0;13;0
1958;45;Male;31.0;24;1.0;23;Premium;Annual;190.0;16;0
1959;52;Male;60.0;9;0.0;0;Standard;Monthly;820.0;27;1
1960;27;Female;40.0;27;7.0;21;Standard;Quarterly;210.0;17;1
1961;61;Female;23.0;4;10.0;18;Premium;Annual;480.0;3;0
1962;69;Female;6.0;27;6.0;29;Standard;Quarterly;350.0;10;1
1963;25;Male;37.0;23;1.0;1;Basic;Annual;730.0;26;1
1964;60;Female;27.0;7;6.0;28;Premium;Quarterly;110.0;8;1
1965;60;Male;4.0;19;3.0;17;Standard;Monthly;420.0;10;1
1966;56;Male;36.0;10;9.0;8;Premium;Quarterly;1000.0;5;1
1967;37;Male;13.0;24;7.0;11;Standard;Annual;430.0;21;1
1968;42;Male;15.0;5;4.0;22;Premium;Annual;650.0;5;0
1969;61;Female;1.0;8;7.0;29;Standard;Quarterly;1000.0;11;0
1970;25;Male;23.0;9;8.0;9;Premium;Quarterly;650.0;21;0
1971;61;Male;14.0;6;8.0;29;Premium;Annual;790.0;26;0
1972;65;Female;5.0;10;4.0;18;Basic;Annual;980.0;7;0
1973;53;Male;27.0;18;6.0;5;Premium;Quarterly;660.0;10;1
1974;35;Female;14.0;19;0.0;17;Premium;Monthly;860.0;4;1
1975;47;Male;9.0;17;4.0;24;Standard;Annual;560.0;13;0
1976;20;Female;29.0;6;4.0;1;Premium;Annual;840.0;29;0
1977;66;Female;4.0;6;6.0;2;Premium;Monthly;690.0;9;1
1978;35;Female;;27;;0;Standard;Monthly;410.0;8;1
1979;20;Female;29.0;8;;17;Standard;Monthly;610.0;12;0
1980;59;Female;;3;5.0;1;Premium;Quarterly;400.0;26;1
1981;52;Female;54.0;14;7.0;27;Basic;Monthly;460.0;16;0
1982;50;Male;60.0;1;1.0;3;Standard;Annual;360.0;18;0
1983;20;Male;34.0;10;5.0;2;Premium;Annual;550.0;23;1
1984;57;Female;26.0;25;8.0;7;Premium;Monthly;410.0;21;1
1985;51;Male;44.0;8;8.0;22;Basic;Annual;670.0;18;0
1986;59;Male;5.0;21;;27;Basic;Monthly;430.0;17;1
1987;61;Male;52.0;15;5.0;7;Standard;Annual;550.0;16;1
1988;29;Male;20.0;11;10.0;15;Premium;Quarterly;220.0;6;0
1989;28;Male;1.0;20;;23;Standard;Monthly;450.0;13;1
1990;66;Female;15.0;18;6.0;23;Basic;Quarterly;420.0;25;0
1991;45;Female;15.0;10;1.0;4;Basic;Annual;980.0;2;1
1992;40;Female;1.0;7;4.0;25;Standard;Annual;510.0;25;0
1993;32;Male;41.0;27;9.0;26;Standard;Monthly;110.0;17;0
1994;51;Male;6.0;5;6.0;22;Basic;Annual;380.0;11;0
1995;57;Female;52.0;28;;15;Standard;Monthly;770.0;4;1
1996;18;Male;28.0;14;9.0;11;Standard;Quarterly;250.0;23;0
1997;46;Female;44.0;29;0.0;26;Basic;Monthly;240.0;1;1
1998;69;Male;21.0;11;10.0;25;Basic;Annual;440.0;16;0
1999;32;Female;9.0;17;4.0;15;Standard;Annual;420.0;5;1
2000;32;Male;12.0;18;9.0;22;Premium;Quarterly;540.0;27;1
